,date,count
0,2013-10-23 00:00:00,6620
1,2014-02-18 00:00:00,28463
2,2015-04-20 00:00:00,46724
3,2015-05-26 00:00:00,44578
4,2015-06-23 00:00:00,47747
5,2016-04-29 00:00:00,55564
6,2016-05-04 00:00:00,46171
7,2014-04-10 00:00:00,41799
8,2014-04-14 00:00:00,34652
9,2014-06-10 00:00:00,36966
10,2015-03-31 00:00:00,51135
11,2016-02-15 00:00:00,44269
12,2013-12-08 00:00:00,17096
13,2014-07-03 00:00:00,46097
14,2014-11-24 00:00:00,41439
15,2015-12-13 00:00:00,58207
16,2013-12-21 00:00:00,25938
17,2014-09-16 00:00:00,39691
18,2015-09-04 00:00:00,54097
19,2015-11-09 00:00:00,41147
20,2014-05-23 00:00:00,52898
21,2015-12-06 00:00:00,55330
22,2016-04-08 00:00:00,58818
23,2014-05-08 00:00:00,43893
24,2014-06-12 00:00:00,44133
25,2013-08-23 00:00:00,362
26,2013-10-10 00:00:00,4307
27,2013-12-06 00:00:00,20582
28,2015-03-12 00:00:00,54166
29,2016-01-04 00:00:00,43740
30,2014-07-22 00:00:00,35244
31,2014-09-22 00:00:00,37175
32,2014-12-04 00:00:00,50680
33,2015-08-27 00:00:00,44111
34,2016-02-13 00:00:00,70652
35,2013-09-23 00:00:00,1975
36,2014-01-06 00:00:00,20606
37,2014-02-08 00:00:00,45302
38,2014-04-03 00:00:00,41881
39,2014-10-31 00:00:00,64013
40,2015-06-14 00:00:00,63489
41,2015-07-07 00:00:00,41372
42,2015-09-29 00:00:00,43666
43,2015-12-31 00:00:00,66960
44,2015-06-11 00:00:00,54240
45,2013-11-20 00:00:00,13349
46,2013-12-12 00:00:00,19457
47,2014-01-07 00:00:00,22719
48,2015-03-03 00:00:00,51223
49,2016-05-03 00:00:00,44265
50,2013-10-31 00:00:00,9310
51,2014-03-15 00:00:00,53583
52,2015-04-17 00:00:00,60053
53,2013-11-18 00:00:00,11524
54,2014-01-25 00:00:00,36265
55,2014-04-23 00:00:00,40064
56,2015-03-04 00:00:00,51819
57,2015-05-01 00:00:00,66187
58,2015-09-12 00:00:00,66962
59,2015-10-02 00:00:00,65765
60,2016-06-23 00:00:00,45032
61,2013-12-04 00:00:00,15270
62,2013-12-25 00:00:00,17176
63,2014-01-15 00:00:00,23993
64,2014-04-29 00:00:00,39995
65,2014-06-02 00:00:00,35308
66,2014-06-24 00:00:00,36333
67,2014-11-19 00:00:00,48193
68,2015-03-19 00:00:00,52935
69,2015-04-24 00:00:00,65736
70,2016-01-09 00:00:00,56861
71,2016-04-19 00:00:00,41894
72,2015-01-09 00:00:00,53591
73,2015-03-01 00:00:00,53354
74,2014-11-10 00:00:00,39507
75,2015-04-26 00:00:00,62190
76,2014-09-05 00:00:00,50318
77,2015-03-06 00:00:00,63909
78,2015-03-24 00:00:00,45811
79,2015-11-16 00:00:00,41105
80,2016-05-21 00:00:00,67758
81,2016-06-17 00:00:00,52327
82,2014-02-19 00:00:00,31804
83,2014-09-11 00:00:00,42897
84,2014-10-10 00:00:00,53707
85,2014-12-16 00:00:00,47794
86,2015-12-04 00:00:00,59348
87,2016-06-30 00:00:00,42425
88,2013-09-25 00:00:00,2319
89,2013-11-24 00:00:00,14769
90,2014-02-12 00:00:00,37638
91,2014-08-31 00:00:00,48407
92,2014-09-29 00:00:00,37704
93,2015-06-12 00:00:00,62623
94,2015-07-25 00:00:00,66372
95,2016-02-05 00:00:00,55521
96,2016-05-26 00:00:00,47878
97,2014-07-23 00:00:00,38895
98,2014-08-27 00:00:00,37955
99,2014-10-03 00:00:00,52515
100,2015-05-08 00:00:00,63470
101,2015-07-11 00:00:00,65403
102,2015-11-03 00:00:00,40379
103,2016-01-13 00:00:00,45839
104,2013-08-25 00:00:00,377
105,2014-01-18 00:00:00,34987
106,2014-08-14 00:00:00,39879
107,2014-12-28 00:00:00,43055
108,2015-06-04 00:00:00,53318
109,2015-07-13 00:00:00,39975
110,2015-07-26 00:00:00,55769
111,2016-05-29 00:00:00,50109
112,2013-12-24 00:00:00,24222
113,2014-07-14 00:00:00,37208
114,2015-02-23 00:00:00,53011
115,2013-09-29 00:00:00,2715
116,2014-08-23 00:00:00,53662
117,2015-02-12 00:00:00,54720
118,2015-08-04 00:00:00,42253
119,2016-04-25 00:00:00,37857
120,2013-09-26 00:00:00,2561
121,2013-10-03 00:00:00,3457
122,2014-04-15 00:00:00,38835
123,2014-11-08 00:00:00,67691
124,2015-07-28 00:00:00,42197
125,2015-08-13 00:00:00,47162
126,2015-09-07 00:00:00,42077
127,2015-11-29 00:00:00,47662
128,2013-09-30 00:00:00,2427
129,2013-12-05 00:00:00,17041
130,2014-11-02 00:00:00,55276
131,2015-02-27 00:00:00,68585
132,2015-04-15 00:00:00,48469
133,2015-06-20 00:00:00,67109
134,2014-05-25 00:00:00,46302
135,2015-03-21 00:00:00,69231
136,2015-03-25 00:00:00,50370
137,2015-05-30 00:00:00,73086
138,2015-07-09 00:00:00,49217
139,2013-12-13 00:00:00,22745
140,2014-03-27 00:00:00,41230
141,2015-09-13 00:00:00,55514
142,2016-06-21 00:00:00,39289
143,2013-09-13 00:00:00,1573
144,2014-05-20 00:00:00,37218
145,2014-07-06 00:00:00,40403
146,2014-09-06 00:00:00,59539
147,2015-05-03 00:00:00,65671
148,2015-05-24 00:00:00,57034
149,2015-11-13 00:00:00,60519
150,2013-11-08 00:00:00,12624
151,2014-07-30 00:00:00,36912
152,2014-08-25 00:00:00,34144
153,2014-10-25 00:00:00,64179
154,2014-12-03 00:00:00,47440
155,2015-04-05 00:00:00,58745
156,2015-11-28 00:00:00,49869
157,2013-08-26 00:00:00,422
158,2014-01-27 00:00:00,25520
159,2014-11-14 00:00:00,58881
160,2015-04-07 00:00:00,47404
161,2015-08-25 00:00:00,38988
162,2015-12-08 00:00:00,44300
163,2016-06-10 00:00:00,50795
164,2013-08-09 00:00:00,92
165,2013-10-09 00:00:00,3742
166,2013-10-16 00:00:00,4387
167,2014-02-15 00:00:00,44191
168,2014-03-12 00:00:00,37822
169,2014-07-16 00:00:00,36498
170,2014-10-01 00:00:00,42632
171,2014-11-04 00:00:00,37577
172,2015-04-13 00:00:00,44318
173,2015-04-14 00:00:00,44103
174,2016-03-18 00:00:00,57699
175,2016-05-25 00:00:00,44759
176,2013-09-22 00:00:00,2099
177,2014-01-21 00:00:00,15490
178,2014-06-20 00:00:00,49611
179,2014-07-15 00:00:00,38316
180,2014-08-09 00:00:00,55995
181,2014-12-13 00:00:00,73355
182,2015-03-10 00:00:00,51179
183,2015-12-01 00:00:00,47290
184,2015-12-19 00:00:00,73435
185,2015-12-22 00:00:00,47148
186,2016-02-19 00:00:00,57004
187,2014-06-07 00:00:00,58886
188,2015-08-07 00:00:00,53776
189,2015-08-16 00:00:00,55389
190,2016-05-07 00:00:00,67447
191,2013-09-02 00:00:00,569
192,2015-03-09 00:00:00,44832
193,2016-06-15 00:00:00,42177
194,2013-09-24 00:00:00,2043
195,2013-12-29 00:00:00,20706
196,2014-04-21 00:00:00,32683
197,2015-01-29 00:00:00,47965
198,2015-07-27 00:00:00,39821
199,2016-01-15 00:00:00,52719
200,2016-03-08 00:00:00,43023
201,2016-03-20 00:00:00,55616
202,2016-05-10 00:00:00,41134
203,2014-07-25 00:00:00,44485
204,2015-02-24 00:00:00,50161
205,2015-03-30 00:00:00,45070
206,2015-07-14 00:00:00,41019
207,2013-09-09 00:00:00,984
208,2015-06-09 00:00:00,45376
209,2016-01-28 00:00:00,47519
210,2013-11-29 00:00:00,15178
211,2013-12-07 00:00:00,20851
212,2014-08-11 00:00:00,33849
213,2014-11-03 00:00:00,40182
214,2014-12-26 00:00:00,37446
215,2015-01-11 00:00:00,50359
216,2015-01-21 00:00:00,43276
217,2015-04-27 00:00:00,44694
218,2015-09-20 00:00:00,57182
219,2014-04-25 00:00:00,50083
220,2014-07-24 00:00:00,38746
221,2014-12-05 00:00:00,64589
222,2015-08-26 00:00:00,40569
223,2013-08-19 00:00:00,216
224,2014-01-17 00:00:00,31040
225,2014-01-20 00:00:00,20593
226,2014-02-26 00:00:00,35749
227,2015-03-11 00:00:00,50252
228,2015-04-16 00:00:00,53163
229,2015-08-19 00:00:00,43603
230,2016-06-27 00:00:00,39832
231,2014-01-28 00:00:00,27263
232,2015-01-31 00:00:00,70797
233,2015-05-04 00:00:00,45273
234,2015-06-02 00:00:00,49962
235,2015-07-22 00:00:00,44867
236,2016-03-03 00:00:00,52983
237,2016-04-18 00:00:00,41263
238,2014-11-05 00:00:00,43758
239,2015-01-05 00:00:00,41923
240,2015-05-27 00:00:00,49071
241,2016-02-27 00:00:00,67411
242,2016-04-30 00:00:00,61905
243,2013-10-19 00:00:00,7490
244,2014-01-12 00:00:00,24386
245,2014-09-25 00:00:00,43302
246,2015-10-16 00:00:00,58548
247,2015-12-03 00:00:00,51587
248,2016-03-12 00:00:00,67200
249,2016-04-20 00:00:00,45197
250,2014-07-18 00:00:00,46195
251,2014-09-03 00:00:00,39511
252,2015-05-05 00:00:00,47745
253,2015-10-21 00:00:00,44853
254,2016-04-05 00:00:00,47499
255,2013-09-01 00:00:00,758
256,2014-08-30 00:00:00,53895
257,2013-11-11 00:00:00,9020
258,2015-08-31 00:00:00,40266
259,2015-11-08 00:00:00,55621
260,2013-08-05 00:00:00,107
261,2014-07-26 00:00:00,53060
262,2015-02-01 00:00:00,58157
263,2015-09-08 00:00:00,42998
264,2015-10-11 00:00:00,54782
265,2015-10-14 00:00:00,44886
266,2016-01-20 00:00:00,43734
267,2014-10-12 00:00:00,53193
268,2014-12-08 00:00:00,46172
269,2015-01-06 00:00:00,40646
270,2016-01-24 00:00:00,22010
271,2014-01-01 00:00:00,25608
272,2014-02-06 00:00:00,33749
273,2014-03-03 00:00:00,35235
274,2014-07-13 00:00:00,46126
275,2014-09-12 00:00:00,51488
276,2015-06-10 00:00:00,48296
277,2016-01-02 00:00:00,46958
278,2013-10-08 00:00:00,3235
279,2014-07-01 00:00:00,38222
280,2013-12-23 00:00:00,20006
281,2014-05-01 00:00:00,44181
282,2014-12-11 00:00:00,55648
283,2015-05-11 00:00:00,46426
284,2015-08-11 00:00:00,40248
285,2015-09-28 00:00:00,41854
286,2016-02-22 00:00:00,41179
287,2014-02-03 00:00:00,23131
288,2014-05-09 00:00:00,51142
289,2014-07-11 00:00:00,45439
290,2015-08-20 00:00:00,47738
291,2015-09-01 00:00:00,41553
292,2013-08-18 00:00:00,165
293,2013-11-27 00:00:00,15738
294,2014-10-02 00:00:00,44965
295,2014-12-22 00:00:00,46781
296,2015-01-26 00:00:00,29869
297,2015-02-25 00:00:00,50958
298,2015-10-31 00:00:00,72500
299,2016-03-04 00:00:00,58737
300,2014-01-26 00:00:00,29431
301,2014-05-07 00:00:00,39618
302,2014-06-18 00:00:00,40022
303,2014-07-21 00:00:00,33091
304,2014-11-01 00:00:00,77121
305,2014-11-11 00:00:00,36090
306,2015-06-17 00:00:00,49082
307,2015-12-05 00:00:00,68091
308,2016-05-09 00:00:00,40281
309,2016-05-14 00:00:00,67398
310,2013-10-12 00:00:00,5377
311,2013-11-26 00:00:00,13869
312,2014-02-28 00:00:00,48428
313,2014-05-30 00:00:00,51106
314,2014-09-07 00:00:00,48649
315,2015-01-23 00:00:00,54857
316,2015-12-26 00:00:00,39455
317,2014-06-17 00:00:00,37818
318,2015-05-21 00:00:00,54937
319,2015-10-24 00:00:00,67376
320,2016-06-22 00:00:00,41869
321,2016-06-07 00:00:00,40615
322,2016-06-28 00:00:00,37497
323,2013-10-27 00:00:00,7598
324,2014-01-09 00:00:00,23483
325,2014-03-01 00:00:00,49572
326,2014-03-25 00:00:00,34753
327,2014-04-24 00:00:00,41826
328,2014-07-04 00:00:00,41591
329,2014-12-14 00:00:00,60040
330,2015-01-03 00:00:00,53866
331,2015-05-12 00:00:00,47026
332,2015-10-22 00:00:00,48603
333,2016-02-18 00:00:00,50612
334,2016-03-01 00:00:00,45349
335,2016-03-25 00:00:00,51883
336,2016-04-02 00:00:00,66097
337,2016-04-24 00:00:00,52698
338,2016-05-22 00:00:00,52573
339,2013-08-21 00:00:00,232
340,2015-03-20 00:00:00,61968
341,2015-11-15 00:00:00,56058
342,2015-11-19 00:00:00,56609
343,2016-01-05 00:00:00,42342
344,2013-11-02 00:00:00,11548
345,2014-02-20 00:00:00,35499
346,2014-07-10 00:00:00,39110
347,2015-02-04 00:00:00,47368
348,2015-02-06 00:00:00,62135
349,2015-09-26 00:00:00,65594
350,2013-09-16 00:00:00,1360
351,2014-09-24 00:00:00,40411
352,2015-01-24 00:00:00,58631
353,2015-02-02 00:00:00,42210
354,2015-02-17 00:00:00,41800
355,2015-05-23 00:00:00,64720
356,2016-05-02 00:00:00,40595
357,2013-10-25 00:00:00,8841
358,2014-07-29 00:00:00,32981
359,2014-09-08 00:00:00,37058
360,2014-10-06 00:00:00,37580
361,2015-05-16 00:00:00,76005
362,2015-08-01 00:00:00,67702
363,2016-06-03 00:00:00,54391
364,2013-09-21 00:00:00,2525
365,2014-05-06 00:00:00,37849
366,2015-11-11 00:00:00,42148
367,2015-12-27 00:00:00,39514
368,2016-02-21 00:00:00,55142
369,2013-08-11 00:00:00,40
370,2014-08-01 00:00:00,50016
371,2015-05-29 00:00:00,61282
372,2014-02-21 00:00:00,40207
373,2015-08-21 00:00:00,54970
374,2013-08-07 00:00:00,70
375,2014-12-27 00:00:00,46961
376,2015-06-24 00:00:00,48234
377,2015-09-22 00:00:00,40881
378,2015-10-27 00:00:00,43212
379,2016-05-13 00:00:00,55685
380,2013-10-01 00:00:00,2635
381,2013-10-07 00:00:00,3229
382,2013-12-01 00:00:00,14125
383,2013-12-15 00:00:00,16877
384,2014-05-26 00:00:00,36009
385,2015-02-10 00:00:00,45711
386,2016-02-09 00:00:00,41629
387,2013-11-25 00:00:00,12719
388,2014-10-23 00:00:00,48776
389,2015-07-31 00:00:00,58151
390,2015-11-26 00:00:00,49041
391,2015-12-30 00:00:00,44696
392,2013-12-10 00:00:00,15258
393,2013-12-20 00:00:00,26729
394,2015-01-18 00:00:00,55068
395,2015-05-14 00:00:00,54778
396,2015-06-30 00:00:00,42981
397,2015-12-16 00:00:00,51111
398,2015-11-07 00:00:00,66459
399,2016-01-01 00:00:00,64396
400,2016-03-21 00:00:00,41736
401,2015-06-08 00:00:00,45686
402,2014-02-10 00:00:00,29984
403,2014-03-09 00:00:00,40997
404,2015-01-14 00:00:00,44394
405,2015-01-15 00:00:00,47962
406,2015-10-01 00:00:00,54340
407,2015-10-03 00:00:00,61386
408,2015-11-12 00:00:00,49557
409,2015-12-29 00:00:00,38222
410,2013-08-22 00:00:00,293
411,2014-03-08 00:00:00,51668
412,2014-08-20 00:00:00,36767
413,2016-03-15 00:00:00,42507
414,2016-03-26 00:00:00,62613
415,2016-05-18 00:00:00,46099
416,2014-01-24 00:00:00,35203
417,2014-04-27 00:00:00,48392
418,2015-01-07 00:00:00,47802
419,2013-09-17 00:00:00,1498
420,2014-02-01 00:00:00,40942
421,2014-11-07 00:00:00,59204
422,2015-04-22 00:00:00,50457
423,2016-01-11 00:00:00,41603
424,2016-05-20 00:00:00,55470
425,2014-04-13 00:00:00,46006
426,2015-01-25 00:00:00,52950
427,2016-02-06 00:00:00,64640
428,2014-04-08 00:00:00,35554
429,2014-05-16 00:00:00,53685
430,2014-07-08 00:00:00,35807
431,2015-04-11 00:00:00,72944
432,2015-11-20 00:00:00,59936
433,2016-01-29 00:00:00,57370
434,2016-04-17 00:00:00,56261
435,2014-11-12 00:00:00,43306
436,2015-06-06 00:00:00,73271
437,2015-09-19 00:00:00,68348
438,2013-10-05 00:00:00,4336
439,2014-03-02 00:00:00,39448
440,2014-10-21 00:00:00,39669
441,2015-01-01 00:00:00,62943
442,2013-08-27 00:00:00,432
443,2013-10-21 00:00:00,5497
444,2014-02-23 00:00:00,39798
445,2016-06-24 00:00:00,50677
446,2013-08-01 00:00:00,12
447,2014-09-14 00:00:00,51732
448,2015-08-29 00:00:00,61137
449,2016-04-14 00:00:00,48868
450,2015-10-09 00:00:00,59289
451,2016-04-27 00:00:00,42607
452,2014-02-22 00:00:00,48519
453,2014-08-10 00:00:00,46793
454,2014-11-17 00:00:00,43198
455,2013-10-30 00:00:00,7841
456,2014-06-03 00:00:00,39451
457,2015-05-09 00:00:00,73424
458,2015-07-08 00:00:00,44912
459,2015-07-20 00:00:00,43366
460,2016-01-03 00:00:00,44270
461,2016-02-26 00:00:00,60253
462,2016-03-07 00:00:00,41294
463,2013-11-16 00:00:00,14983
464,2015-06-05 00:00:00,63653
465,2013-09-20 00:00:00,2216
466,2013-11-17 00:00:00,12375
467,2015-08-22 00:00:00,64497
468,2016-02-02 00:00:00,42445
469,2014-03-10 00:00:00,32757
470,2014-06-13 00:00:00,52473
471,2015-05-10 00:00:00,64676
472,2015-09-15 00:00:00,41158
473,2015-09-24 00:00:00,40162
474,2015-11-05 00:00:00,49863
475,2013-09-10 00:00:00,962
476,2014-05-14 00:00:00,40955
477,2015-05-18 00:00:00,46820
478,2015-05-28 00:00:00,52336
479,2015-12-25 00:00:00,39236
480,2016-01-25 00:00:00,42944
481,2016-06-14 00:00:00,37737
482,2013-10-14 00:00:00,3460
483,2014-05-11 00:00:00,51600
484,2016-01-06 00:00:00,42025
485,2016-01-16 00:00:00,59626
486,2016-05-16 00:00:00,41273
487,2014-05-04 00:00:00,48157
488,2014-05-19 00:00:00,36476
489,2014-08-12 00:00:00,36215
490,2015-02-07 00:00:00,67182
491,2015-07-16 00:00:00,46468
492,2014-03-04 00:00:00,34851
493,2014-08-03 00:00:00,47490
494,2014-09-17 00:00:00,39602
495,2015-02-15 00:00:00,64362
496,2016-04-23 00:00:00,62011
497,2014-01-31 00:00:00,38288
498,2014-04-05 00:00:00,57164
499,2014-05-05 00:00:00,36845
500,2014-10-05 00:00:00,47743
501,2015-02-20 00:00:00,64721
502,2016-02-17 00:00:00,45466
503,2016-06-20 00:00:00,38499
504,2013-08-12 00:00:00,130
505,2013-10-28 00:00:00,6525
506,2015-01-04 00:00:00,41602
507,2013-11-03 00:00:00,9406
508,2015-01-12 00:00:00,40867
509,2015-07-06 00:00:00,39607
510,2016-03-30 00:00:00,46051
511,2016-04-13 00:00:00,45542
512,2013-09-18 00:00:00,1714
513,2013-12-16 00:00:00,17986
514,2014-03-22 00:00:00,52977
515,2014-05-31 00:00:00,59926
516,2014-10-17 00:00:00,55980
517,2016-02-07 00:00:00,56269
518,2016-05-01 00:00:00,51976
519,2013-12-09 00:00:00,14187
520,2014-09-20 00:00:00,60289
521,2016-04-10 00:00:00,56024
522,2016-04-16 00:00:00,67849
523,2016-05-11 00:00:00,42589
524,2014-02-05 00:00:00,25848
525,2015-08-23 00:00:00,54477
526,2015-09-16 00:00:00,46824
527,2013-08-20 00:00:00,220
528,2014-06-06 00:00:00,50037
529,2014-06-19 00:00:00,43460
530,2016-02-16 00:00:00,42679
531,2016-02-24 00:00:00,49668
532,2016-03-24 00:00:00,51454
533,2016-05-05 00:00:00,50559
534,2016-06-01 00:00:00,42869
535,2014-12-15 00:00:00,43663
536,2016-03-16 00:00:00,46890
537,2013-10-22 00:00:00,5638
538,2014-06-26 00:00:00,43800
539,2014-07-05 00:00:00,46927
540,2014-08-21 00:00:00,41177
541,2015-12-20 00:00:00,58388
542,2013-09-08 00:00:00,971
543,2013-10-18 00:00:00,6475
544,2014-10-09 00:00:00,45103
545,2014-10-20 00:00:00,38179
546,2015-10-07 00:00:00,44441
547,2015-10-10 00:00:00,63203
548,2015-10-12 00:00:00,36379
549,2016-03-14 00:00:00,46516
550,2014-12-25 00:00:00,37631
551,2015-07-18 00:00:00,63367
552,2015-11-14 00:00:00,70289
553,2016-04-28 00:00:00,45585
554,2016-05-24 00:00:00,40960
555,2013-11-01 00:00:00,11335
556,2014-04-06 00:00:00,47171
557,2014-12-01 00:00:00,44721
558,2015-05-22 00:00:00,60792
559,2015-06-19 00:00:00,59705
560,2015-08-08 00:00:00,64827
561,2016-06-02 00:00:00,46339
562,2013-10-06 00:00:00,3503
563,2013-12-11 00:00:00,16616
564,2014-05-24 00:00:00,52690
565,2015-12-17 00:00:00,57754
566,2016-02-14 00:00:00,57902
567,2014-11-06 00:00:00,48261
568,2015-03-08 00:00:00,57377
569,2015-04-30 00:00:00,53407
570,2014-03-23 00:00:00,44532
571,2015-06-15 00:00:00,46807
572,2015-09-05 00:00:00,58829
573,2013-12-03 00:00:00,14478
574,2014-05-27 00:00:00,34970
575,2015-04-10 00:00:00,59253
576,2015-05-13 00:00:00,51867
577,2015-11-10 00:00:00,47552
578,2016-03-27 00:00:00,53237
579,2013-09-19 00:00:00,1889
580,2013-09-27 00:00:00,3111
581,2014-01-29 00:00:00,29285
582,2014-06-23 00:00:00,35597
583,2015-02-08 00:00:00,56341
584,2015-05-31 00:00:00,63944
585,2014-02-04 00:00:00,29559
586,2014-12-18 00:00:00,56503
587,2015-07-02 00:00:00,51527
588,2015-08-06 00:00:00,46777
589,2013-09-15 00:00:00,1315
590,2013-10-26 00:00:00,9444
591,2014-09-13 00:00:00,64251
592,2015-06-29 00:00:00,41397
593,2013-08-16 00:00:00,271
594,2014-01-16 00:00:00,26003
595,2014-03-05 00:00:00,37197
596,2014-05-22 00:00:00,43652
597,2014-06-29 00:00:00,46128
598,2014-12-10 00:00:00,49646
599,2015-04-01 00:00:00,51943
600,2015-06-25 00:00:00,51862
601,2014-05-29 00:00:00,42221
602,2015-09-27 00:00:00,54856
603,2015-10-15 00:00:00,49586
604,2015-10-20 00:00:00,43180
605,2013-12-14 00:00:00,18084
606,2014-11-09 00:00:00,53839
607,2015-10-17 00:00:00,68948
608,2016-05-12 00:00:00,48427
609,2014-02-24 00:00:00,32957
610,2014-07-02 00:00:00,42524
611,2015-04-02 00:00:00,55928
612,2014-03-11 00:00:00,33376
613,2014-11-15 00:00:00,67829
614,2015-10-18 00:00:00,58732
615,2013-08-30 00:00:00,808
616,2013-12-26 00:00:00,16596
617,2013-12-27 00:00:00,20549
618,2014-08-16 00:00:00,56688
619,2014-08-29 00:00:00,48675
620,2015-02-21 00:00:00,64136
621,2015-06-01 00:00:00,51549
622,2013-10-17 00:00:00,5531
623,2014-04-09 00:00:00,38788
624,2014-09-09 00:00:00,37740
625,2014-09-10 00:00:00,39791
626,2015-05-25 00:00:00,44000
627,2014-03-31 00:00:00,35273
628,2014-05-03 00:00:00,62233
629,2015-11-21 00:00:00,68434
630,2015-12-02 00:00:00,47061
631,2014-03-30 00:00:00,42861
632,2015-01-19 00:00:00,35777
633,2015-09-11 00:00:00,56693
634,2015-11-25 00:00:00,51013
635,2013-10-02 00:00:00,3370
636,2014-04-26 00:00:00,60442
637,2015-10-25 00:00:00,55317
638,2015-10-28 00:00:00,51067
639,2013-09-07 00:00:00,1104
640,2014-08-08 00:00:00,47051
641,2014-09-27 00:00:00,61333
642,2014-12-07 00:00:00,59363
643,2015-04-29 00:00:00,49132
644,2015-08-24 00:00:00,38720
645,2015-12-09 00:00:00,46911
646,2016-02-10 00:00:00,47315
647,2014-02-25 00:00:00,33827
648,2014-04-28 00:00:00,34824
649,2014-11-22 00:00:00,69969
650,2014-11-23 00:00:00,54743
651,2015-10-06 00:00:00,42044
652,2016-03-05 00:00:00,68122
653,2013-12-18 00:00:00,20795
654,2015-04-06 00:00:00,43483
655,2015-07-30 00:00:00,49235
656,2015-11-02 00:00:00,41085
657,2014-04-16 00:00:00,38384
658,2015-02-09 00:00:00,43505
659,2016-03-10 00:00:00,48983
660,2014-09-19 00:00:00,52171
661,2015-02-13 00:00:00,70191
662,2015-12-21 00:00:00,45437
663,2014-03-06 00:00:00,40510
664,2015-08-12 00:00:00,42982
665,2015-12-23 00:00:00,52780
666,2013-09-14 00:00:00,1683
667,2014-08-07 00:00:00,41156
668,2014-08-24 00:00:00,46051
669,2015-06-13 00:00:00,69740
670,2015-07-04 00:00:00,53768
671,2016-04-15 00:00:00,57218
672,2013-11-04 00:00:00,8988
673,2013-12-17 00:00:00,18536
674,2015-02-22 00:00:00,53861
675,2015-03-17 00:00:00,50346
676,2015-05-19 00:00:00,48032
677,2016-01-10 00:00:00,49877
678,2013-08-08 00:00:00,74
679,2014-01-04 00:00:00,23697
680,2014-02-11 00:00:00,34431
681,2015-02-16 00:00:00,46933
682,2015-07-01 00:00:00,49634
683,2016-01-22 00:00:00,57552
684,2014-05-10 00:00:00,58686
685,2014-10-13 00:00:00,35423
686,2016-06-09 00:00:00,45042
687,2015-07-03 00:00:00,51202
688,2015-08-30 00:00:00,53489
689,2016-05-31 00:00:00,39387
690,2016-06-08 00:00:00,47278
691,2013-08-06 00:00:00,22
692,2013-10-20 00:00:00,5900
693,2014-02-16 00:00:00,38390
694,2014-03-21 00:00:00,45708
695,2014-08-22 00:00:00,47207
696,2015-07-15 00:00:00,44259
697,2015-10-29 00:00:00,49701
698,2016-03-09 00:00:00,45284
699,2016-04-07 00:00:00,48454
700,2014-03-29 00:00:00,56905
701,2014-10-16 00:00:00,46818
702,2014-12-09 00:00:00,47530
703,2015-08-05 00:00:00,43758
704,2016-02-23 00:00:00,49523
705,2013-08-28 00:00:00,539
706,2014-06-28 00:00:00,56709
707,2015-02-19 00:00:00,59130
708,2015-02-26 00:00:00,56717
709,2015-10-05 00:00:00,40960
710,2016-03-22 00:00:00,43293
711,2013-10-11 00:00:00,5205
712,2014-01-14 00:00:00,22052
713,2015-01-17 00:00:00,64628
714,2015-08-15 00:00:00,65254
715,2016-02-03 00:00:00,46115
716,2013-11-22 00:00:00,15689
717,2014-05-12 00:00:00,36439
718,2016-06-19 00:00:00,52528
719,2014-06-16 00:00:00,36447
720,2014-06-25 00:00:00,41042
721,2014-10-30 00:00:00,48538
722,2015-02-14 00:00:00,76426
723,2014-01-11 00:00:00,29799
724,2014-10-28 00:00:00,39100
725,2015-02-03 00:00:00,48291
726,2015-05-06 00:00:00,50446
727,2015-09-03 00:00:00,48372
728,2014-12-17 00:00:00,48694
729,2015-03-05 00:00:00,42207
730,2015-03-23 00:00:00,46717
731,2015-04-08 00:00:00,50396
732,2015-05-07 00:00:00,54721
733,2015-07-12 00:00:00,55678
734,2016-03-23 00:00:00,44630
735,2014-03-26 00:00:00,39823
736,2014-07-12 00:00:00,54446
737,2015-11-27 00:00:00,41880
738,2014-05-17 00:00:00,57485
739,2014-06-09 00:00:00,36933
740,2014-11-26 00:00:00,55953
741,2014-03-13 00:00:00,43134
742,2014-08-05 00:00:00,36032
743,2015-12-24 00:00:00,56420
744,2014-06-11 00:00:00,40021
745,2014-11-13 00:00:00,52212
746,2015-03-02 00:00:00,46653
747,2015-03-16 00:00:00,44450
748,2015-07-24 00:00:00,55290
749,2015-09-21 00:00:00,42266
750,2015-10-23 00:00:00,58747
751,2016-04-03 00:00:00,56100
752,2016-06-05 00:00:00,51552
753,2014-02-07 00:00:00,40028
754,2014-08-04 00:00:00,34874
755,2014-10-22 00:00:00,48843
756,2016-01-30 00:00:00,65415
757,2016-06-16 00:00:00,45686
758,2014-05-21 00:00:00,40111
759,2014-06-22 00:00:00,47441
760,2015-03-29 00:00:00,61984
761,2015-07-10 00:00:00,54007
762,2016-02-08 00:00:00,41975
763,2016-03-17 00:00:00,50797
764,2014-10-18 00:00:00,63747
765,2015-01-02 00:00:00,43410
766,2016-02-01 00:00:00,42456
767,2016-06-11 00:00:00,59278
768,2015-05-20 00:00:00,51229
769,2015-06-21 00:00:00,60339
770,2015-08-10 00:00:00,38228
771,2015-11-18 00:00:00,45494
772,2016-04-11 00:00:00,42216
773,2014-02-17 00:00:00,29656
774,2014-04-20 00:00:00,46248
775,2014-09-28 00:00:00,51884
776,2014-10-19 00:00:00,55580
777,2014-11-25 00:00:00,44473
778,2015-02-11 00:00:00,49009
779,2015-06-16 00:00:00,45704
780,2015-06-18 00:00:00,50191
781,2015-06-26 00:00:00,58371
782,2016-01-27 00:00:00,45792
783,2016-01-31 00:00:00,52288
784,2014-04-07 00:00:00,39271
785,2015-05-02 00:00:00,81574
786,2015-06-03 00:00:00,50311
787,2016-03-06 00:00:00,53538
788,2016-06-13 00:00:00,37941
789,2014-03-14 00:00:00,47015
790,2014-03-17 00:00:00,35062
791,2014-08-02 00:00:00,56690
792,2014-08-13 00:00:00,38164
793,2014-10-04 00:00:00,52350
794,2014-10-14 00:00:00,38397
795,2015-01-28 00:00:00,42508
796,2015-09-06 00:00:00,53123
797,2016-05-08 00:00:00,57984
798,2013-11-23 00:00:00,17191
799,2014-12-20 00:00:00,74101
800,2015-04-23 00:00:00,55777
801,2015-04-25 00:00:00,75469
802,2014-01-02 00:00:00,19061
803,2014-03-19 00:00:00,39483
804,2014-04-12 00:00:00,57320
805,2015-09-02 00:00:00,43424
806,2015-12-14 00:00:00,45771
807,2014-01-30 00:00:00,31852
808,2014-05-02 00:00:00,54523
809,2014-12-24 00:00:00,56344
810,2015-03-22 00:00:00,62057
811,2015-10-13 00:00:00,42850
812,2013-11-06 00:00:00,9954
813,2014-03-28 00:00:00,46064
814,2014-11-18 00:00:00,47132
815,2015-07-29 00:00:00,45820
816,2016-01-23 00:00:00,11031
817,2016-05-27 00:00:00,52707
818,2016-06-18 00:00:00,60909
819,2014-03-20 00:00:00,39491
820,2015-01-08 00:00:00,47791
821,2015-08-03 00:00:00,41759
822,2015-08-14 00:00:00,54988
823,2015-09-25 00:00:00,54180
824,2016-01-21 00:00:00,48606
825,2013-08-29 00:00:00,642
826,2013-09-28 00:00:00,3454
827,2013-11-21 00:00:00,13576
828,2014-12-06 00:00:00,72503
829,2014-12-19 00:00:00,67370
830,2015-07-23 00:00:00,47678
831,2014-02-02 00:00:00,34846
832,2014-05-13 00:00:00,38013
833,2014-06-21 00:00:00,56067
834,2015-07-05 00:00:00,51192
835,2015-07-21 00:00:00,42821
836,2014-08-17 00:00:00,47235
837,2014-12-29 00:00:00,37979
838,2015-11-22 00:00:00,56226
839,2015-01-30 00:00:00,62944
840,2015-06-28 00:00:00,54632
841,2015-08-18 00:00:00,40956
842,2015-09-18 00:00:00,57537
843,2016-01-14 00:00:00,45846
844,2013-10-13 00:00:00,4574
845,2013-11-09 00:00:00,12373
846,2014-01-10 00:00:00,27553
847,2014-01-13 00:00:00,20853
848,2014-06-30 00:00:00,35014
849,2014-09-21 00:00:00,50583
850,2014-09-30 00:00:00,38727
851,2014-10-11 00:00:00,59921
852,2014-12-12 00:00:00,64914
853,2015-01-10 00:00:00,64340
854,2015-12-07 00:00:00,42302
855,2015-12-18 00:00:00,67735
856,2013-09-11 00:00:00,1141
857,2013-11-05 00:00:00,8997
858,2013-11-19 00:00:00,12657
859,2014-10-08 00:00:00,41535
860,2014-12-23 00:00:00,49514
861,2015-09-09 00:00:00,46777
862,2016-02-04 00:00:00,48063
863,2016-04-06 00:00:00,46256
864,2015-06-27 00:00:00,74883
865,2016-01-18 00:00:00,38913
866,2016-03-28 00:00:00,41635
867,2016-04-01 00:00:00,57024
868,2013-08-02 00:00:00,13
869,2013-10-15 00:00:00,3748
870,2014-02-09 00:00:00,34875
871,2014-06-15 00:00:00,49397
872,2014-09-02 00:00:00,37020
873,2014-12-31 00:00:00,67526
874,2016-06-25 00:00:00,58952
875,2013-09-05 00:00:00,814
876,2014-06-05 00:00:00,43049
877,2015-03-26 00:00:00,53254
878,2015-10-08 00:00:00,49428
879,2016-04-09 00:00:00,68654
880,2013-08-31 00:00:00,850
881,2013-12-30 00:00:00,20268
882,2014-03-07 00:00:00,47370
883,2014-07-09 00:00:00,36545
884,2014-12-02 00:00:00,45162
885,2015-10-19 00:00:00,42702
886,2015-11-04 00:00:00,43999
887,2013-08-17 00:00:00,220
888,2014-04-30 00:00:00,47755
889,2014-07-17 00:00:00,39778
890,2014-09-23 00:00:00,38541
891,2015-03-07 00:00:00,73297
892,2015-09-23 00:00:00,41171
893,2016-03-13 00:00:00,51739
894,2016-04-12 00:00:00,44189
895,2013-08-15 00:00:00,193
896,2014-06-08 00:00:00,49373
897,2014-08-06 00:00:00,38179
898,2014-12-21 00:00:00,59488
899,2016-01-26 00:00:00,44321
900,2016-04-26 00:00:00,42528
901,2016-05-30 00:00:00,37049
902,2016-06-04 00:00:00,66186
903,2013-12-22 00:00:00,21503
904,2014-04-11 00:00:00,48702
905,2014-10-07 00:00:00,38985
906,2014-11-21 00:00:00,60807
907,2015-01-16 00:00:00,59926
908,2015-04-03 00:00:00,60434
909,2015-08-02 00:00:00,56700
910,2015-10-30 00:00:00,63849
911,2015-11-01 00:00:00,62797
912,2015-12-15 00:00:00,46266
913,2016-06-29 00:00:00,38168
914,2014-01-19 00:00:00,30264
915,2015-02-05 00:00:00,55008
916,2015-02-28 00:00:00,75839
917,2015-04-19 00:00:00,64273
918,2015-10-04 00:00:00,51988
919,2013-10-04 00:00:00,3869
920,2013-10-24 00:00:00,7560
921,2014-02-14 00:00:00,45177
922,2016-06-06 00:00:00,38993
923,2014-08-26 00:00:00,34261
924,2014-01-22 00:00:00,21734
925,2015-11-23 00:00:00,45431
926,2014-07-31 00:00:00,41543
927,2014-11-30 00:00:00,45951
928,2016-01-12 00:00:00,41124
929,2014-01-23 00:00:00,30249
930,2014-02-13 00:00:00,21777
931,2014-11-28 00:00:00,47270
932,2015-03-18 00:00:00,51635
933,2014-03-16 00:00:00,44755
934,2014-04-22 00:00:00,34024
935,2014-07-19 00:00:00,52743
936,2016-05-15 00:00:00,57551
937,2016-05-17 00:00:00,43709
938,2014-04-01 00:00:00,36512
939,2014-04-17 00:00:00,42568
940,2014-10-24 00:00:00,55343
941,2015-03-14 00:00:00,71314
942,2016-02-28 00:00:00,53739
943,2014-12-30 00:00:00,43174
944,2015-11-06 00:00:00,56664
945,2016-04-22 00:00:00,53773
946,2013-11-10 00:00:00,11007
947,2014-01-03 00:00:00,13436
948,2014-06-04 00:00:00,40927
949,2014-09-26 00:00:00,49728
950,2015-04-12 00:00:00,60888
951,2015-06-22 00:00:00,44124
952,2015-08-17 00:00:00,40875
953,2016-01-07 00:00:00,42811
954,2016-03-31 00:00:00,48152
955,2016-05-19 00:00:00,48593
956,2014-01-08 00:00:00,22579
957,2014-04-04 00:00:00,51783
958,2014-06-27 00:00:00,48179
959,2014-07-27 00:00:00,46253
960,2014-11-27 00:00:00,51845
961,2015-04-04 00:00:00,68373
962,2015-06-07 00:00:00,64186
963,2014-06-01 00:00:00,48404
964,2014-09-04 00:00:00,43408
965,2015-09-30 00:00:00,46608
966,2015-11-30 00:00:00,41823
967,2013-08-14 00:00:00,181
968,2013-11-13 00:00:00,11651
969,2014-05-28 00:00:00,39323
970,2016-01-08 00:00:00,50987
971,2016-05-06 00:00:00,60060
972,2013-12-28 00:00:00,22432
973,2014-09-01 00:00:00,35949
974,2014-10-26 00:00:00,53161
975,2015-03-28 00:00:00,76226
976,2016-01-19 00:00:00,43963
977,2016-03-19 00:00:00,64359
978,2016-05-28 00:00:00,57265
979,2013-11-14 00:00:00,12282
980,2014-04-18 00:00:00,46019
981,2014-07-28 00:00:00,29222
982,2013-12-02 00:00:00,13877
983,2015-04-09 00:00:00,51804
984,2015-07-17 00:00:00,47302
985,2015-10-26 00:00:00,41874
986,2016-03-29 00:00:00,43788
987,2013-09-03 00:00:00,750
988,2014-04-19 00:00:00,52701
989,2014-11-16 00:00:00,55641
990,2014-11-20 00:00:00,50947
991,2015-03-13 00:00:00,64178
992,2016-02-11 00:00:00,56100
993,2013-08-03 00:00:00,1
994,2013-09-12 00:00:00,1321
995,2014-08-19 00:00:00,33753
996,2015-01-27 00:00:00,15406
997,2015-08-09 00:00:00,54309
998,2013-09-04 00:00:00,770
999,2013-09-06 00:00:00,1026
1000,2013-11-07 00:00:00,11197
1001,2013-11-28 00:00:00,15887
1002,2014-07-07 00:00:00,34163
1003,2014-08-15 00:00:00,47700
1004,2014-08-18 00:00:00,34336
1005,2014-09-15 00:00:00,37454
1006,2015-05-15 00:00:00,63952
1007,2016-02-25 00:00:00,51493
1008,2016-03-02 00:00:00,49331
1009,2013-12-19 00:00:00,22109
1010,2014-05-15 00:00:00,43662
1011,2015-03-15 00:00:00,60306
1012,2015-04-18 00:00:00,75616
1013,2015-07-19 00:00:00,60375
1014,2015-12-10 00:00:00,50709
1015,2015-12-12 00:00:00,68101
1016,2016-04-04 00:00:00,46640
1017,2014-06-14 00:00:00,58733
1018,2015-02-18 00:00:00,48362
1019,2013-11-30 00:00:00,16284
1020,2014-03-24 00:00:00,35662
1021,2014-07-20 00:00:00,45403
1022,2015-04-28 00:00:00,44227
1023,2015-09-10 00:00:00,53057
1024,2015-09-14 00:00:00,39199
1025,2016-03-11 00:00:00,57954
1026,2013-10-29 00:00:00,7304
1027,2013-11-15 00:00:00,13853
1028,2014-05-18 00:00:00,49635
1029,2014-08-28 00:00:00,40645
1030,2014-09-18 00:00:00,43947
1031,2014-10-29 00:00:00,42962
1032,2015-01-20 00:00:00,40914
1033,2015-03-27 00:00:00,63319
1034,2015-08-28 00:00:00,51835
1035,2013-08-13 00:00:00,160
1036,2015-01-22 00:00:00,46260
1037,2015-05-17 00:00:00,61746
1038,2015-12-28 00:00:00,38612
1039,2016-04-21 00:00:00,47334
1040,2014-02-27 00:00:00,40467
1041,2014-03-18 00:00:00,34357
1042,2014-04-02 00:00:00,37709
1043,2015-12-11 00:00:00,60113
1044,2016-01-17 00:00:00,52803
1045,2014-01-05 00:00:00,20560
1046,2014-10-15 00:00:00,44355
1047,2014-10-27 00:00:00,37974
1048,2015-01-13 00:00:00,45229
1049,2016-02-29 00:00:00,43326
1050,2016-05-23 00:00:00,39268
1051,2013-08-10 00:00:00,59
1052,2013-08-24 00:00:00,420
1053,2015-09-17 00:00:00,49964
1054,2015-11-17 00:00:00,44727
1055,2015-11-24 00:00:00,46597
1056,2016-02-12 00:00:00,61363
1057,2016-02-20 00:00:00,66513
1058,2016-06-12 00:00:00,48480
1059,2013-11-12 00:00:00,10951
1060,2013-12-31 00:00:00,30464
1061,2014-11-29 00:00:00,49864
1062,2015-04-21 00:00:00,44991
1063,2016-06-26 00:00:00,51363
