,date,not_tip,count(date)
0,2014-01-23 00:00:00,False,4
1,2014-03-12 00:00:00,False,12882
2,2014-04-07 00:00:00,False,13093
3,2014-06-03 00:00:00,False,15654
4,2014-12-12 00:00:00,False,21172
5,2015-07-16 00:00:00,True,12246
6,2015-07-18 00:00:00,False,3109
7,2015-07-28 00:00:00,True,11644
8,2015-08-02 00:00:00,True,18667
9,2015-08-12 00:00:00,False,1912
10,2015-12-13 00:00:00,True,20798
11,2015-12-26 00:00:00,True,10014
12,2016-01-02 00:00:00,True,14268
13,2013-10-03 00:00:00,False,1379
14,2014-05-10 00:00:00,True,16343
15,2014-08-01 00:00:00,False,20138
16,2014-11-16 00:00:00,True,18583
17,2015-01-07 00:00:00,False,1985
18,2015-04-14 00:00:00,False,1777
19,2015-07-27 00:00:00,True,11057
20,2016-02-01 00:00:00,True,10898
21,2014-04-08 00:00:00,False,12195
22,2014-06-05 00:00:00,True,11604
23,2015-01-25 00:00:00,True,18545
24,2015-03-16 00:00:00,False,2018
25,2015-04-01 00:00:00,False,2326
26,2016-01-29 00:00:00,True,14316
27,2016-03-01 00:00:00,True,11874
28,2016-05-18 00:00:00,True,12275
29,2014-08-03 00:00:00,False,22664
30,2014-08-23 00:00:00,False,23722
31,2014-09-18 00:00:00,True,11699
32,2014-11-17 00:00:00,False,14687
33,2014-11-21 00:00:00,False,19873
34,2016-03-24 00:00:00,True,13890
35,2014-08-27 00:00:00,False,16492
36,2014-09-02 00:00:00,True,9443
37,2015-01-10 00:00:00,True,20850
38,2015-06-29 00:00:00,True,11133
39,2015-07-24 00:00:00,True,15435
40,2015-08-17 00:00:00,True,11396
41,2015-09-14 00:00:00,False,1736
42,2016-02-15 00:00:00,False,2120
43,2016-04-14 00:00:00,True,13514
44,2013-10-03 00:00:00,True,638
45,2014-02-16 00:00:00,False,14237
46,2014-03-13 00:00:00,True,7718
47,2014-08-07 00:00:00,True,11122
48,2015-04-09 00:00:00,False,2496
49,2015-07-19 00:00:00,True,20468
50,2016-06-12 00:00:00,True,16207
51,2014-02-01 00:00:00,True,4
52,2014-06-17 00:00:00,True,9282
53,2014-06-28 00:00:00,False,24972
54,2014-08-14 00:00:00,False,16426
55,2014-09-27 00:00:00,False,26278
56,2014-10-21 00:00:00,False,14750
57,2014-12-09 00:00:00,True,12541
58,2014-12-17 00:00:00,True,12958
59,2015-01-30 00:00:00,False,2415
60,2015-03-05 00:00:00,True,8233
61,2015-03-17 00:00:00,True,12783
62,2015-04-19 00:00:00,True,20120
63,2015-05-15 00:00:00,True,16234
64,2014-03-26 00:00:00,True,7872
65,2014-05-01 00:00:00,True,10229
66,2014-10-26 00:00:00,False,23296
67,2015-05-07 00:00:00,True,13690
68,2015-05-14 00:00:00,True,13888
69,2016-01-25 00:00:00,True,7865
70,2016-03-19 00:00:00,False,3264
71,2016-05-11 00:00:00,True,11021
72,2016-06-05 00:00:00,False,2366
73,2013-10-05 00:00:00,True,1047
74,2014-03-26 00:00:00,False,14418
75,2015-01-28 00:00:00,False,1663
76,2015-05-19 00:00:00,True,12358
77,2015-07-12 00:00:00,False,2667
78,2015-07-15 00:00:00,False,1948
79,2015-08-05 00:00:00,True,12326
80,2015-10-11 00:00:00,False,2506
81,2016-03-14 00:00:00,True,12007
82,2014-04-20 00:00:00,False,24364
83,2014-06-08 00:00:00,True,15352
84,2014-08-09 00:00:00,True,16806
85,2014-09-25 00:00:00,False,17482
86,2015-05-05 00:00:00,False,2017
87,2015-06-01 00:00:00,True,12595
88,2016-01-21 00:00:00,False,2048
89,2016-04-25 00:00:00,True,11606
90,2016-06-19 00:00:00,False,2607
91,2014-04-14 00:00:00,True,8350
92,2014-05-11 00:00:00,True,13560
93,2014-05-14 00:00:00,True,10500
94,2014-07-31 00:00:00,True,11632
95,2014-08-24 00:00:00,False,21812
96,2015-08-27 00:00:00,True,12995
97,2015-10-14 00:00:00,True,11888
98,2015-12-07 00:00:00,True,11755
99,2015-12-23 00:00:00,True,11601
100,2016-04-08 00:00:00,False,2628
101,2014-07-27 00:00:00,True,14900
102,2014-10-27 00:00:00,True,10063
103,2015-08-18 00:00:00,False,1868
104,2015-09-10 00:00:00,True,12137
105,2015-10-18 00:00:00,False,2784
106,2015-12-13 00:00:00,False,2807
107,2016-04-04 00:00:00,True,11990
108,2014-02-25 00:00:00,False,11556
109,2014-04-30 00:00:00,True,11265
110,2014-10-17 00:00:00,True,15765
111,2016-01-16 00:00:00,True,20359
112,2016-01-29 00:00:00,False,2277
113,2016-02-26 00:00:00,True,15515
114,2016-03-22 00:00:00,False,2154
115,2016-03-30 00:00:00,True,2935
116,2014-03-08 00:00:00,True,9780
117,2014-03-17 00:00:00,False,13461
118,2014-11-06 00:00:00,True,12715
119,2015-06-06 00:00:00,True,20531
120,2015-08-16 00:00:00,False,221
121,2015-11-03 00:00:00,True,11311
122,2016-05-15 00:00:00,False,2662
123,2014-01-30 00:00:00,True,12
124,2014-02-17 00:00:00,True,5411
125,2014-04-24 00:00:00,True,10651
126,2014-05-09 00:00:00,True,12617
127,2014-09-23 00:00:00,True,10061
128,2014-11-07 00:00:00,False,19521
129,2015-01-08 00:00:00,True,12287
130,2015-06-14 00:00:00,False,2762
131,2015-07-04 00:00:00,False,2807
132,2015-09-21 00:00:00,False,1649
133,2015-10-14 00:00:00,False,1729
134,2015-11-24 00:00:00,False,1680
135,2015-12-28 00:00:00,True,10022
136,2014-05-26 00:00:00,False,18193
137,2014-12-08 00:00:00,False,16812
138,2015-02-15 00:00:00,True,20682
139,2015-05-10 00:00:00,False,2842
140,2015-05-18 00:00:00,False,1978
141,2015-05-22 00:00:00,False,2414
142,2015-11-02 00:00:00,False,1574
143,2013-10-01 00:00:00,False,1063
144,2014-05-22 00:00:00,True,11364
145,2014-12-12 00:00:00,True,16183
146,2015-01-01 00:00:00,False,2903
147,2016-02-18 00:00:00,False,2533
148,2016-02-23 00:00:00,False,2115
149,2016-06-04 00:00:00,False,2754
150,2014-08-11 00:00:00,True,1860
151,2014-12-22 00:00:00,True,11170
152,2015-01-23 00:00:00,False,2410
153,2015-03-25 00:00:00,True,12893
154,2015-04-07 00:00:00,True,13014
155,2015-06-07 00:00:00,False,2862
156,2015-08-25 00:00:00,False,1652
157,2015-10-10 00:00:00,False,2649
158,2016-01-28 00:00:00,True,11625
159,2016-01-30 00:00:00,False,2834
160,2016-02-06 00:00:00,True,21434
161,2016-04-20 00:00:00,False,2102
162,2016-04-29 00:00:00,True,16490
163,2014-05-07 00:00:00,True,9914
164,2014-08-22 00:00:00,True,13471
165,2014-09-28 00:00:00,True,16565
166,2014-12-16 00:00:00,False,15705
167,2014-12-20 00:00:00,True,22828
168,2015-02-21 00:00:00,True,2801
169,2015-04-24 00:00:00,True,16367
170,2015-04-27 00:00:00,False,1899
171,2015-07-19 00:00:00,False,2893
172,2015-08-14 00:00:00,True,14626
173,2016-01-16 00:00:00,False,2858
174,2016-04-14 00:00:00,False,2223
175,2014-03-25 00:00:00,False,12670
176,2014-04-16 00:00:00,False,17317
177,2014-04-22 00:00:00,True,9121
178,2014-09-17 00:00:00,True,10639
179,2014-10-06 00:00:00,True,865
180,2014-11-19 00:00:00,False,16219
181,2015-06-29 00:00:00,False,1848
182,2015-09-06 00:00:00,False,2574
183,2015-12-05 00:00:00,True,4349
184,2016-04-10 00:00:00,False,2856
185,2013-10-01 00:00:00,True,447
186,2014-01-20 00:00:00,False,4
187,2014-11-26 00:00:00,False,17936
188,2014-12-01 00:00:00,False,16190
189,2015-04-27 00:00:00,True,12125
190,2015-11-11 00:00:00,True,13275
191,2016-03-13 00:00:00,True,17300
192,2016-05-25 00:00:00,True,11324
193,2014-03-03 00:00:00,False,13941
194,2014-03-14 00:00:00,True,7917
195,2014-09-26 00:00:00,False,19795
196,2015-01-27 00:00:00,False,687
197,2015-05-13 00:00:00,False,2121
198,2015-08-26 00:00:00,True,11678
199,2015-09-29 00:00:00,False,88
200,2015-11-25 00:00:00,True,12564
201,2016-03-16 00:00:00,False,276
202,2016-05-30 00:00:00,True,13665
203,2016-06-21 00:00:00,True,10292
204,2014-04-03 00:00:00,False,13774
205,2014-04-10 00:00:00,False,17517
206,2014-06-03 00:00:00,True,9580
207,2014-07-04 00:00:00,False,19449
208,2014-09-02 00:00:00,False,15552
209,2014-11-01 00:00:00,False,30743
210,2015-03-11 00:00:00,False,2205
211,2015-08-03 00:00:00,True,11081
212,2015-11-21 00:00:00,False,3056
213,2016-06-28 00:00:00,False,1590
214,2014-06-09 00:00:00,True,9506
215,2014-07-10 00:00:00,False,15984
216,2014-07-12 00:00:00,False,24325
217,2014-07-24 00:00:00,False,15708
218,2014-08-15 00:00:00,False,19576
219,2014-08-18 00:00:00,False,16047
220,2014-08-28 00:00:00,True,11568
221,2014-12-06 00:00:00,True,4930
222,2015-02-17 00:00:00,False,1886
223,2015-03-18 00:00:00,True,13411
224,2015-05-27 00:00:00,True,12024
225,2015-12-07 00:00:00,False,1794
226,2016-05-01 00:00:00,False,2660
227,2014-01-11 00:00:00,False,1
228,2014-05-19 00:00:00,True,9095
229,2014-09-03 00:00:00,False,15917
230,2015-06-17 00:00:00,False,119
231,2016-01-27 00:00:00,True,10467
232,2016-02-15 00:00:00,True,14198
233,2016-04-24 00:00:00,False,2714
234,2016-05-31 00:00:00,False,1619
235,2014-06-26 00:00:00,True,11457
236,2014-07-07 00:00:00,False,15912
237,2014-07-14 00:00:00,True,10097
238,2014-09-01 00:00:00,True,11508
239,2014-12-26 00:00:00,True,8319
240,2016-05-12 00:00:00,True,12247
241,2014-04-17 00:00:00,True,11011
242,2014-04-27 00:00:00,False,23398
243,2014-05-05 00:00:00,False,16069
244,2014-09-14 00:00:00,True,17179
245,2014-10-28 00:00:00,True,10202
246,2015-06-11 00:00:00,True,13943
247,2015-06-18 00:00:00,True,12802
248,2015-08-09 00:00:00,False,2604
249,2015-11-18 00:00:00,False,1823
250,2016-02-09 00:00:00,False,1859
251,2016-03-01 00:00:00,False,2138
252,2016-03-10 00:00:00,True,13119
253,2014-05-03 00:00:00,True,17258
254,2014-10-05 00:00:00,True,15811
255,2015-01-05 00:00:00,False,1857
256,2015-02-26 00:00:00,True,13423
257,2015-07-01 00:00:00,False,102
258,2015-11-07 00:00:00,False,2980
259,2015-11-11 00:00:00,False,1896
260,2016-03-29 00:00:00,False,2166
261,2014-02-13 00:00:00,True,49
262,2014-06-29 00:00:00,True,14274
263,2014-09-16 00:00:00,False,14942
264,2014-12-25 00:00:00,False,22312
265,2015-03-02 00:00:00,True,10150
266,2015-04-16 00:00:00,True,13998
267,2015-06-27 00:00:00,False,3099
268,2015-07-17 00:00:00,False,2131
269,2016-01-01 00:00:00,True,19137
270,2016-01-05 00:00:00,True,11388
271,2016-05-27 00:00:00,True,13966
272,2016-06-09 00:00:00,False,1893
273,2014-04-05 00:00:00,True,10910
274,2014-06-13 00:00:00,True,12296
275,2014-07-18 00:00:00,False,18891
276,2014-07-20 00:00:00,False,21984
277,2014-10-10 00:00:00,True,14562
278,2015-09-23 00:00:00,True,5836
279,2015-12-28 00:00:00,False,1773
280,2016-04-04 00:00:00,False,2124
281,2016-04-22 00:00:00,False,2479
282,2014-10-12 00:00:00,False,12010
283,2014-11-07 00:00:00,True,14461
284,2015-07-21 00:00:00,False,1822
285,2015-10-11 00:00:00,True,17704
286,2016-01-20 00:00:00,True,12074
287,2016-03-16 00:00:00,True,1592
288,2014-01-28 00:00:00,False,12
289,2014-03-06 00:00:00,False,14126
290,2014-07-22 00:00:00,False,14888
291,2014-09-18 00:00:00,False,16286
292,2014-10-13 00:00:00,False,16079
293,2015-04-15 00:00:00,False,2052
294,2015-10-01 00:00:00,True,12615
295,2016-03-26 00:00:00,True,20025
296,2014-02-23 00:00:00,False,15779
297,2015-02-08 00:00:00,False,2633
298,2015-02-14 00:00:00,False,253
299,2015-08-15 00:00:00,True,19589
300,2015-08-21 00:00:00,False,2486
301,2015-08-29 00:00:00,True,3923
302,2015-10-16 00:00:00,False,2249
303,2015-10-23 00:00:00,True,14991
304,2016-01-07 00:00:00,False,2007
305,2016-05-21 00:00:00,True,21557
306,2014-03-11 00:00:00,False,12070
307,2014-08-19 00:00:00,False,14578
308,2014-10-04 00:00:00,False,23061
309,2015-06-03 00:00:00,True,12082
310,2015-11-27 00:00:00,True,11320
311,2015-12-08 00:00:00,False,1810
312,2016-06-26 00:00:00,False,2566
313,2014-03-10 00:00:00,True,5349
314,2014-04-12 00:00:00,False,25683
315,2014-06-07 00:00:00,False,25370
316,2014-07-14 00:00:00,False,16095
317,2014-10-27 00:00:00,False,15108
318,2015-05-11 00:00:00,True,11710
319,2015-12-05 00:00:00,False,623
320,2015-12-24 00:00:00,False,2538
321,2016-01-12 00:00:00,True,11314
322,2016-02-12 00:00:00,False,2648
323,2013-10-05 00:00:00,False,1864
324,2014-03-11 00:00:00,True,5361
325,2014-04-16 00:00:00,True,10085
326,2014-07-08 00:00:00,False,15329
327,2014-09-19 00:00:00,False,18519
328,2014-11-05 00:00:00,False,15953
329,2015-04-04 00:00:00,False,3367
330,2015-05-03 00:00:00,False,2820
331,2015-11-08 00:00:00,False,2605
332,2015-12-15 00:00:00,False,1917
333,2016-03-26 00:00:00,False,3271
334,2016-05-19 00:00:00,True,12962
335,2014-06-24 00:00:00,True,9142
336,2015-02-04 00:00:00,True,9254
337,2015-05-25 00:00:00,True,15316
338,2016-02-29 00:00:00,False,2226
339,2014-02-05 00:00:00,True,40
340,2014-06-19 00:00:00,False,16876
341,2014-11-12 00:00:00,True,11697
342,2015-01-21 00:00:00,False,1823
343,2015-04-22 00:00:00,True,12710
344,2015-10-06 00:00:00,False,1746
345,2016-05-17 00:00:00,True,12004
346,2016-05-22 00:00:00,False,2409
347,2014-08-08 00:00:00,True,13080
348,2015-12-22 00:00:00,True,12010
349,2016-01-04 00:00:00,False,1982
350,2016-06-08 00:00:00,True,11042
351,2014-12-10 00:00:00,False,15767
352,2015-01-26 00:00:00,False,1005
353,2015-09-02 00:00:00,False,1882
354,2016-05-18 00:00:00,False,1710
355,2016-05-20 00:00:00,False,2274
356,2016-06-13 00:00:00,True,10512
357,2014-03-15 00:00:00,True,10260
358,2014-06-11 00:00:00,True,10570
359,2014-08-25 00:00:00,False,15771
360,2015-05-09 00:00:00,True,21311
361,2015-05-20 00:00:00,True,13217
362,2015-06-13 00:00:00,True,20248
363,2015-09-07 00:00:00,False,2025
364,2015-09-21 00:00:00,True,11232
365,2015-10-09 00:00:00,False,2066
366,2016-02-12 00:00:00,True,15590
367,2016-06-22 00:00:00,False,1760
368,2014-09-11 00:00:00,False,16156
369,2015-01-09 00:00:00,False,2151
370,2015-01-16 00:00:00,True,16119
371,2015-02-20 00:00:00,True,17036
372,2015-04-05 00:00:00,False,2997
373,2015-05-31 00:00:00,True,18592
374,2015-09-29 00:00:00,True,419
375,2015-10-24 00:00:00,True,21350
376,2016-05-17 00:00:00,False,1802
377,2014-02-06 00:00:00,False,39
378,2014-04-19 00:00:00,False,24944
379,2014-06-28 00:00:00,True,17245
380,2014-09-12 00:00:00,True,12964
381,2014-10-17 00:00:00,False,20445
382,2014-12-31 00:00:00,False,29450
383,2015-05-12 00:00:00,True,11953
384,2015-05-26 00:00:00,False,1847
385,2015-10-29 00:00:00,True,12773
386,2016-01-05 00:00:00,False,1853
387,2016-04-15 00:00:00,True,15089
388,2014-05-15 00:00:00,True,11312
389,2014-07-21 00:00:00,False,15198
390,2014-07-21 00:00:00,True,8961
391,2014-09-11 00:00:00,True,11511
392,2015-01-21 00:00:00,True,12020
393,2015-02-06 00:00:00,False,2174
394,2015-06-27 00:00:00,True,21596
395,2015-08-24 00:00:00,True,11191
396,2016-01-08 00:00:00,False,2371
397,2016-04-01 00:00:00,False,2558
398,2016-05-14 00:00:00,False,2913
399,2014-02-04 00:00:00,True,26
400,2014-06-05 00:00:00,False,17706
401,2014-06-20 00:00:00,False,19527
402,2014-09-30 00:00:00,True,10178
403,2015-05-08 00:00:00,False,2457
404,2015-08-26 00:00:00,False,1738
405,2015-12-15 00:00:00,True,12816
406,2016-01-21 00:00:00,True,13306
407,2016-04-15 00:00:00,False,2619
408,2014-04-21 00:00:00,False,16122
409,2014-09-09 00:00:00,False,14328
410,2014-11-12 00:00:00,False,15104
411,2016-02-10 00:00:00,False,2233
412,2016-03-11 00:00:00,True,15039
413,2016-05-25 00:00:00,False,1785
414,2013-10-04 00:00:00,True,760
415,2014-02-28 00:00:00,False,16169
416,2014-05-30 00:00:00,True,12305
417,2014-10-09 00:00:00,False,17541
418,2014-12-16 00:00:00,True,12089
419,2015-11-27 00:00:00,False,2301
420,2015-12-16 00:00:00,True,13946
421,2016-04-02 00:00:00,True,21527
422,2014-04-11 00:00:00,True,11532
423,2014-05-20 00:00:00,True,9369
424,2014-12-10 00:00:00,True,12578
425,2015-03-14 00:00:00,False,3429
426,2015-04-03 00:00:00,True,16741
427,2015-06-13 00:00:00,False,2976
428,2015-08-19 00:00:00,True,12384
429,2015-09-03 00:00:00,True,12907
430,2016-02-04 00:00:00,True,13054
431,2016-04-27 00:00:00,True,13149
432,2014-02-17 00:00:00,False,10720
433,2014-03-16 00:00:00,False,18271
434,2015-05-22 00:00:00,True,15514
435,2015-07-07 00:00:00,False,1801
436,2015-09-06 00:00:00,True,16431
437,2016-02-22 00:00:00,True,11388
438,2016-05-28 00:00:00,False,2868
439,2014-07-02 00:00:00,True,9934
440,2014-10-20 00:00:00,False,15269
441,2015-07-07 00:00:00,True,10870
442,2015-07-08 00:00:00,True,12319
443,2015-07-12 00:00:00,True,17083
444,2015-12-17 00:00:00,False,2226
445,2016-01-13 00:00:00,False,2033
446,2016-02-18 00:00:00,True,14290
447,2016-03-17 00:00:00,False,2476
448,2014-11-02 00:00:00,False,23668
449,2014-12-19 00:00:00,True,16821
450,2015-06-01 00:00:00,False,1978
451,2015-08-09 00:00:00,True,18048
452,2015-10-05 00:00:00,False,1769
453,2015-10-24 00:00:00,False,3030
454,2015-11-23 00:00:00,False,1824
455,2015-11-28 00:00:00,True,15356
456,2016-02-29 00:00:00,True,12234
457,2016-03-31 00:00:00,True,13679
458,2016-05-02 00:00:00,True,11629
459,2016-05-11 00:00:00,False,1681
460,2016-06-25 00:00:00,False,2795
461,2014-03-09 00:00:00,False,15724
462,2014-07-24 00:00:00,True,10621
463,2015-04-24 00:00:00,False,2586
464,2015-07-24 00:00:00,False,2426
465,2015-12-02 00:00:00,False,1833
466,2016-01-01 00:00:00,False,3115
467,2016-02-13 00:00:00,True,22995
468,2016-06-20 00:00:00,False,1723
469,2014-08-07 00:00:00,False,16729
470,2014-10-18 00:00:00,True,18220
471,2014-10-24 00:00:00,False,19292
472,2014-12-06 00:00:00,False,5474
473,2015-03-22 00:00:00,True,19409
474,2015-06-02 00:00:00,False,1770
475,2015-07-15 00:00:00,True,12534
476,2015-09-23 00:00:00,False,861
477,2015-12-03 00:00:00,True,13613
478,2015-12-26 00:00:00,False,2135
479,2016-01-18 00:00:00,False,1849
480,2016-06-18 00:00:00,False,595
481,2016-06-28 00:00:00,True,9639
482,2016-06-29 00:00:00,True,10472
483,2014-10-04 00:00:00,True,17259
484,2014-10-30 00:00:00,True,12587
485,2015-01-11 00:00:00,False,2381
486,2015-04-26 00:00:00,True,19491
487,2015-08-16 00:00:00,True,1543
488,2015-08-17 00:00:00,False,1832
489,2015-12-24 00:00:00,True,12656
490,2015-12-29 00:00:00,False,1885
491,2016-01-26 00:00:00,True,9025
492,2014-03-04 00:00:00,False,12496
493,2014-05-13 00:00:00,False,15400
494,2014-09-23 00:00:00,False,14796
495,2014-10-25 00:00:00,True,18830
496,2014-11-05 00:00:00,True,11722
497,2015-01-12 00:00:00,False,1662
498,2015-02-10 00:00:00,True,10730
499,2015-03-04 00:00:00,True,12149
500,2015-05-29 00:00:00,True,15199
501,2015-08-13 00:00:00,True,12983
502,2015-10-19 00:00:00,True,11424
503,2015-10-25 00:00:00,True,19114
504,2016-05-23 00:00:00,True,10646
505,2014-03-07 00:00:00,True,7686
506,2014-03-12 00:00:00,True,6394
507,2014-06-04 00:00:00,False,16869
508,2014-06-27 00:00:00,False,18814
509,2014-10-03 00:00:00,True,13276
510,2014-12-07 00:00:00,False,24310
511,2015-05-16 00:00:00,True,20976
512,2015-07-22 00:00:00,True,12642
513,2015-08-20 00:00:00,True,13798
514,2015-10-28 00:00:00,True,13018
515,2016-01-04 00:00:00,True,11413
516,2016-06-15 00:00:00,True,10660
517,2015-05-03 00:00:00,True,19653
518,2015-12-18 00:00:00,False,1143
519,2015-12-20 00:00:00,True,19957
520,2013-09-30 00:00:00,False,2
521,2014-01-22 00:00:00,False,7
522,2014-10-14 00:00:00,True,9790
523,2015-01-28 00:00:00,True,10700
524,2015-02-26 00:00:00,False,2354
525,2015-10-23 00:00:00,False,2299
526,2015-10-26 00:00:00,False,1635
527,2015-11-14 00:00:00,False,3093
528,2015-12-21 00:00:00,True,12708
529,2016-02-14 00:00:00,False,3092
530,2016-05-21 00:00:00,False,3090
531,2014-03-02 00:00:00,False,16209
532,2014-06-07 00:00:00,True,17303
533,2014-11-03 00:00:00,False,15588
534,2014-11-08 00:00:00,False,25422
535,2015-06-15 00:00:00,True,12233
536,2015-09-28 00:00:00,False,1799
537,2015-10-07 00:00:00,True,11560
538,2015-12-14 00:00:00,False,1944
539,2014-01-26 00:00:00,False,16
540,2014-06-21 00:00:00,True,16991
541,2014-07-31 00:00:00,False,16530
542,2014-11-11 00:00:00,False,14228
543,2015-09-25 00:00:00,True,15267
544,2015-11-18 00:00:00,True,12478
545,2015-12-31 00:00:00,False,3054
546,2016-05-10 00:00:00,False,380
547,2016-06-27 00:00:00,False,1720
548,2014-02-01 00:00:00,False,18
549,2014-05-24 00:00:00,True,15174
550,2014-09-08 00:00:00,True,9289
551,2014-10-01 00:00:00,False,15728
552,2014-12-11 00:00:00,True,14173
553,2015-07-10 00:00:00,True,14114
554,2014-07-15 00:00:00,False,14637
555,2014-10-01 00:00:00,True,10793
556,2015-01-15 00:00:00,True,13113
557,2015-01-20 00:00:00,False,1646
558,2015-03-27 00:00:00,False,2821
559,2015-04-05 00:00:00,True,18835
560,2015-05-31 00:00:00,False,2687
561,2015-09-11 00:00:00,False,2172
562,2016-03-09 00:00:00,True,1208
563,2016-04-10 00:00:00,True,19514
564,2014-01-29 00:00:00,True,19
565,2014-02-25 00:00:00,True,5476
566,2015-03-01 00:00:00,False,2115
567,2015-04-01 00:00:00,True,12752
568,2015-11-16 00:00:00,False,1679
569,2014-02-12 00:00:00,False,26
570,2014-02-23 00:00:00,True,7660
571,2015-06-07 00:00:00,True,20538
572,2015-08-30 00:00:00,True,6754
573,2015-09-08 00:00:00,False,1626
574,2015-11-19 00:00:00,True,13705
575,2016-04-07 00:00:00,False,2188
576,2014-03-21 00:00:00,True,8191
577,2014-05-06 00:00:00,True,9387
578,2014-06-02 00:00:00,False,15307
579,2014-08-26 00:00:00,True,9836
580,2014-12-20 00:00:00,False,28840
581,2015-01-22 00:00:00,False,2100
582,2015-03-06 00:00:00,False,2147
583,2015-07-14 00:00:00,True,11112
584,2015-07-21 00:00:00,True,11787
585,2015-09-05 00:00:00,True,17683
586,2015-09-30 00:00:00,True,12564
587,2014-04-14 00:00:00,False,16499
588,2014-05-19 00:00:00,False,15808
589,2014-08-13 00:00:00,False,16240
590,2015-02-02 00:00:00,False,1221
591,2015-03-13 00:00:00,False,2742
592,2015-04-07 00:00:00,False,2256
593,2015-04-19 00:00:00,False,2976
594,2015-06-09 00:00:00,True,11774
595,2015-06-12 00:00:00,True,15401
596,2015-09-07 00:00:00,True,13896
597,2016-01-18 00:00:00,True,13263
598,2016-02-01 00:00:00,False,1793
599,2016-05-07 00:00:00,False,2966
600,2016-05-27 00:00:00,False,2184
601,2014-03-06 00:00:00,True,6729
602,2014-06-20 00:00:00,True,12402
603,2014-09-16 00:00:00,True,10119
604,2014-10-22 00:00:00,False,16225
605,2014-10-23 00:00:00,False,16339
606,2015-06-23 00:00:00,True,11490
607,2016-04-11 00:00:00,False,2004
608,2016-04-16 00:00:00,False,2941
609,2014-03-18 00:00:00,True,5927
610,2014-04-28 00:00:00,True,8720
611,2014-07-15 00:00:00,True,9734
612,2014-11-27 00:00:00,False,26232
613,2015-06-09 00:00:00,False,1782
614,2015-08-31 00:00:00,True,11170
615,2016-01-14 00:00:00,True,12949
616,2016-02-20 00:00:00,True,21414
617,2016-05-15 00:00:00,True,19444
618,2014-03-13 00:00:00,False,14958
619,2014-04-23 00:00:00,True,10766
620,2014-09-29 00:00:00,False,15532
621,2015-01-17 00:00:00,True,20186
622,2015-02-05 00:00:00,False,2068
623,2015-02-17 00:00:00,True,10857
624,2015-04-12 00:00:00,False,2818
625,2015-06-30 00:00:00,True,11390
626,2016-03-29 00:00:00,True,12260
627,2015-01-22 00:00:00,True,13347
628,2015-03-14 00:00:00,True,21661
629,2015-04-13 00:00:00,False,1858
630,2015-04-14 00:00:00,True,10647
631,2015-04-28 00:00:00,True,11783
632,2016-06-03 00:00:00,False,2131
633,2014-02-03 00:00:00,False,33
634,2014-02-10 00:00:00,False,45
635,2014-02-19 00:00:00,False,9954
636,2014-06-18 00:00:00,False,15982
637,2015-01-14 00:00:00,False,1861
638,2015-07-02 00:00:00,False,2243
639,2015-10-17 00:00:00,False,2923
640,2014-05-09 00:00:00,False,19681
641,2014-09-10 00:00:00,True,10398
642,2015-04-08 00:00:00,False,2407
643,2015-05-17 00:00:00,False,2687
644,2015-07-29 00:00:00,True,13470
645,2016-04-29 00:00:00,False,2731
646,2016-06-08 00:00:00,False,1816
647,2014-04-15 00:00:00,False,17174
648,2014-04-21 00:00:00,True,8726
649,2014-12-04 00:00:00,False,17302
650,2015-02-01 00:00:00,True,20137
651,2015-11-05 00:00:00,True,12932
652,2015-12-01 00:00:00,False,1723
653,2016-01-13 00:00:00,True,12691
654,2016-03-27 00:00:00,False,2948
655,2016-04-03 00:00:00,True,19829
656,2014-07-16 00:00:00,True,9958
657,2014-10-05 00:00:00,False,21855
658,2014-12-03 00:00:00,False,2028
659,2015-01-02 00:00:00,True,11432
660,2015-01-03 00:00:00,False,2520
661,2015-01-23 00:00:00,True,14715
662,2015-03-11 00:00:00,True,11764
663,2015-03-12 00:00:00,True,12913
664,2015-07-06 00:00:00,True,10533
665,2015-08-28 00:00:00,True,14509
666,2015-11-28 00:00:00,False,2627
667,2016-05-09 00:00:00,True,10407
668,2014-02-13 00:00:00,False,48
669,2014-04-20 00:00:00,True,13430
670,2014-05-26 00:00:00,True,11353
671,2014-08-10 00:00:00,True,14940
672,2015-02-10 00:00:00,False,1757
673,2015-07-03 00:00:00,True,15003
674,2015-10-16 00:00:00,True,14849
675,2016-03-10 00:00:00,False,2323
676,2016-05-29 00:00:00,False,2567
677,2014-02-26 00:00:00,False,12407
678,2014-03-24 00:00:00,False,13280
679,2014-06-01 00:00:00,True,13402
680,2014-07-12 00:00:00,True,15218
681,2014-08-30 00:00:00,True,16245
682,2014-11-29 00:00:00,True,14667
683,2015-02-03 00:00:00,True,8861
684,2015-04-02 00:00:00,True,13481
685,2015-06-25 00:00:00,True,12977
686,2015-10-12 00:00:00,False,1582
687,2015-11-01 00:00:00,True,20926
688,2014-02-21 00:00:00,True,6499
689,2014-06-19 00:00:00,True,11207
690,2014-11-11 00:00:00,True,10997
691,2015-01-26 00:00:00,True,6017
692,2015-06-14 00:00:00,True,19820
693,2015-06-24 00:00:00,False,1971
694,2015-07-31 00:00:00,True,13986
695,2013-10-02 00:00:00,True,495
696,2014-02-24 00:00:00,True,5209
697,2014-03-18 00:00:00,False,12511
698,2014-06-23 00:00:00,False,16002
699,2014-07-23 00:00:00,True,11024
700,2015-05-01 00:00:00,False,2664
701,2015-11-19 00:00:00,False,2057
702,2016-01-03 00:00:00,True,14523
703,2016-06-14 00:00:00,False,1557
704,2014-04-02 00:00:00,True,6640
705,2014-04-26 00:00:00,True,17453
706,2014-11-27 00:00:00,True,14943
707,2014-12-01 00:00:00,True,10452
708,2015-09-16 00:00:00,False,1829
709,2016-02-27 00:00:00,False,3437
710,2014-02-19 00:00:00,True,4651
711,2014-05-28 00:00:00,True,9709
712,2014-08-17 00:00:00,True,15020
713,2014-10-06 00:00:00,False,2058
714,2014-10-30 00:00:00,False,16723
715,2014-11-10 00:00:00,False,15158
716,2015-12-11 00:00:00,False,2518
717,2016-01-20 00:00:00,False,1874
718,2016-05-19 00:00:00,False,1910
719,2014-06-18 00:00:00,True,10174
720,2014-08-18 00:00:00,True,9422
721,2015-01-30 00:00:00,True,14511
722,2015-04-08 00:00:00,True,14322
723,2015-09-11 00:00:00,True,13704
724,2015-10-08 00:00:00,True,12143
725,2015-11-12 00:00:00,False,1972
726,2015-12-25 00:00:00,False,2077
727,2016-01-15 00:00:00,False,2370
728,2016-01-25 00:00:00,False,1158
729,2016-04-30 00:00:00,False,3029
730,2014-07-17 00:00:00,True,10553
731,2014-11-21 00:00:00,True,15114
732,2014-11-29 00:00:00,False,22633
733,2014-12-30 00:00:00,True,10526
734,2015-09-01 00:00:00,True,10977
735,2015-12-12 00:00:00,True,21825
736,2016-01-06 00:00:00,False,1828
737,2014-02-16 00:00:00,True,7259
738,2014-05-15 00:00:00,False,17014
739,2014-08-29 00:00:00,True,13240
740,2014-09-07 00:00:00,True,16129
741,2014-09-22 00:00:00,False,15113
742,2014-12-04 00:00:00,True,12589
743,2014-12-05 00:00:00,False,20308
744,2014-12-28 00:00:00,False,22426
745,2015-01-19 00:00:00,False,1632
746,2015-02-13 00:00:00,False,2753
747,2015-02-25 00:00:00,True,11762
748,2015-09-28 00:00:00,True,11681
749,2016-04-13 00:00:00,False,2130
750,2014-03-31 00:00:00,False,12869
751,2014-05-17 00:00:00,False,24218
752,2014-12-13 00:00:00,True,22502
753,2014-12-18 00:00:00,False,18815
754,2015-02-12 00:00:00,True,14138
755,2015-04-12 00:00:00,True,19174
756,2015-06-16 00:00:00,False,1794
757,2015-10-06 00:00:00,True,11606
758,2015-11-06 00:00:00,True,14610
759,2015-12-10 00:00:00,True,13909
760,2016-02-21 00:00:00,True,19118
761,2016-05-06 00:00:00,True,15508
762,2014-07-06 00:00:00,False,20606
763,2014-09-30 00:00:00,False,14813
764,2014-11-25 00:00:00,False,14007
765,2015-09-19 00:00:00,False,2962
766,2015-10-04 00:00:00,True,17780
767,2015-12-30 00:00:00,False,2055
768,2016-01-31 00:00:00,True,17883
769,2016-03-18 00:00:00,False,2682
770,2014-03-22 00:00:00,True,11346
771,2014-11-02 00:00:00,True,17799
772,2015-02-27 00:00:00,False,2667
773,2015-08-20 00:00:00,False,2244
774,2015-12-23 00:00:00,False,1959
775,2016-02-08 00:00:00,False,2135
776,2016-06-27 00:00:00,True,10820
777,2014-03-27 00:00:00,True,8213
778,2014-07-27 00:00:00,False,22212
779,2014-09-06 00:00:00,False,25145
780,2015-02-04 00:00:00,False,1607
781,2015-02-21 00:00:00,False,422
782,2015-07-09 00:00:00,False,2011
783,2015-11-17 00:00:00,True,12059
784,2015-12-09 00:00:00,True,4149
785,2016-02-28 00:00:00,True,18574
786,2016-03-18 00:00:00,True,15358
787,2016-04-19 00:00:00,False,1830
788,2016-04-21 00:00:00,True,12597
789,2016-04-21 00:00:00,False,2061
790,2016-05-13 00:00:00,False,1328
791,2016-06-26 00:00:00,True,18309
792,2014-04-10 00:00:00,True,9911
793,2014-07-26 00:00:00,False,24316
794,2015-06-20 00:00:00,True,17733
795,2015-09-12 00:00:00,True,20290
796,2015-11-25 00:00:00,False,1965
797,2013-10-06 00:00:00,False,2
798,2014-03-29 00:00:00,False,19508
799,2014-05-18 00:00:00,False,23509
800,2014-06-06 00:00:00,False,19102
801,2014-08-16 00:00:00,False,25754
802,2014-11-15 00:00:00,False,25687
803,2014-12-28 00:00:00,True,11702
804,2015-01-24 00:00:00,True,19663
805,2015-03-20 00:00:00,True,15257
806,2015-06-05 00:00:00,True,16102
807,2016-05-04 00:00:00,False,1963
808,2014-01-23 00:00:00,True,9
809,2014-02-20 00:00:00,True,5007
810,2014-02-22 00:00:00,False,17507
811,2014-04-05 00:00:00,False,20037
812,2014-11-09 00:00:00,False,23425
813,2015-01-12 00:00:00,True,10715
814,2016-03-08 00:00:00,False,470
815,2016-04-02 00:00:00,False,3306
816,2016-05-09 00:00:00,False,1799
817,2016-06-23 00:00:00,True,11944
818,2013-10-02 00:00:00,False,1146
819,2014-05-21 00:00:00,True,10458
820,2015-05-09 00:00:00,False,3167
821,2015-05-28 00:00:00,False,2015
822,2015-12-12 00:00:00,False,2992
823,2016-02-03 00:00:00,True,11928
824,2016-05-22 00:00:00,True,19381
825,2016-06-07 00:00:00,True,9709
826,2014-02-11 00:00:00,False,34
827,2014-05-04 00:00:00,True,13972
828,2014-09-15 00:00:00,True,10072
829,2015-01-18 00:00:00,True,19271
830,2015-02-16 00:00:00,False,2355
831,2015-09-27 00:00:00,True,18409
832,2016-02-02 00:00:00,True,11319
833,2016-06-30 00:00:00,True,11065
834,2016-06-12 00:00:00,False,2367
835,2014-04-09 00:00:00,False,13539
836,2014-09-05 00:00:00,False,18613
837,2014-12-22 00:00:00,False,16962
838,2015-08-06 00:00:00,True,13014
839,2015-11-14 00:00:00,True,22175
840,2014-07-19 00:00:00,True,15580
841,2014-09-22 00:00:00,True,9630
842,2014-11-10 00:00:00,True,10528
843,2014-11-26 00:00:00,True,12701
844,2014-12-25 00:00:00,True,8264
845,2015-05-11 00:00:00,False,1831
846,2014-07-16 00:00:00,False,14946
847,2014-09-13 00:00:00,True,20140
848,2015-10-19 00:00:00,False,1767
849,2016-02-19 00:00:00,True,16207
850,2014-02-27 00:00:00,False,13843
851,2014-04-02 00:00:00,False,13131
852,2014-04-25 00:00:00,True,12350
853,2014-07-05 00:00:00,True,14005
854,2014-10-15 00:00:00,True,11735
855,2015-02-07 00:00:00,True,19169
856,2015-04-11 00:00:00,False,3255
857,2015-04-26 00:00:00,False,2739
858,2015-04-30 00:00:00,False,2210
859,2015-08-03 00:00:00,False,1833
860,2015-09-09 00:00:00,True,11249
861,2015-12-27 00:00:00,True,11037
862,2016-02-11 00:00:00,True,14777
863,2016-03-22 00:00:00,True,12205
864,2016-04-03 00:00:00,False,3005
865,2016-05-08 00:00:00,True,18950
866,2014-09-15 00:00:00,False,15453
867,2014-10-08 00:00:00,False,16103
868,2014-12-14 00:00:00,False,24480
869,2015-02-14 00:00:00,True,1474
870,2015-03-05 00:00:00,False,1413
871,2015-11-16 00:00:00,True,11191
872,2015-12-04 00:00:00,True,15597
873,2016-03-05 00:00:00,True,22252
874,2016-03-19 00:00:00,True,20894
875,2014-02-28 00:00:00,True,6751
876,2014-08-04 00:00:00,False,16110
877,2015-02-09 00:00:00,False,1807
878,2015-03-01 00:00:00,True,13830
879,2015-07-06 00:00:00,False,1756
880,2015-08-31 00:00:00,False,1812
881,2015-11-15 00:00:00,False,2660
882,2016-01-22 00:00:00,False,2411
883,2014-07-29 00:00:00,False,14219
884,2014-09-27 00:00:00,True,18994
885,2015-04-29 00:00:00,True,12934
886,2015-06-12 00:00:00,False,2417
887,2015-11-08 00:00:00,True,19079
888,2014-06-01 00:00:00,False,21718
889,2014-07-09 00:00:00,True,10000
890,2014-08-20 00:00:00,False,15902
891,2014-08-29 00:00:00,False,20079
892,2014-09-19 00:00:00,True,13442
893,2015-01-06 00:00:00,True,9525
894,2015-08-12 00:00:00,True,11961
895,2015-10-08 00:00:00,False,1951
896,2015-11-10 00:00:00,True,11746
897,2016-04-06 00:00:00,True,12429
898,2016-05-06 00:00:00,False,2492
899,2014-02-24 00:00:00,False,11872
900,2014-12-17 00:00:00,False,16429
901,2015-03-06 00:00:00,True,12184
902,2015-04-30 00:00:00,True,14028
903,2015-06-30 00:00:00,False,1769
904,2015-07-18 00:00:00,True,19954
905,2015-07-25 00:00:00,False,3123
906,2016-01-11 00:00:00,False,1893
907,2016-01-27 00:00:00,False,1542
908,2016-04-27 00:00:00,False,2171
909,2014-01-25 00:00:00,False,7
910,2014-02-11 00:00:00,True,25
911,2014-03-17 00:00:00,True,5992
912,2014-03-29 00:00:00,True,11952
913,2014-07-08 00:00:00,True,9197
914,2014-08-22 00:00:00,False,19191
915,2015-06-08 00:00:00,True,12113
916,2015-07-17 00:00:00,True,12922
917,2015-08-23 00:00:00,True,15379
918,2015-10-18 00:00:00,True,19663
919,2015-12-16 00:00:00,False,2065
920,2016-05-13 00:00:00,True,8093
921,2016-06-24 00:00:00,False,2093
922,2016-06-10 00:00:00,True,12636
923,2014-11-25 00:00:00,True,10327
924,2015-01-01 00:00:00,True,17472
925,2015-02-03 00:00:00,False,1560
926,2015-04-21 00:00:00,False,1890
927,2015-06-18 00:00:00,False,1938
928,2015-08-05 00:00:00,False,1918
929,2015-08-10 00:00:00,False,1716
930,2016-02-14 00:00:00,True,20873
931,2016-02-25 00:00:00,True,13767
932,2016-05-08 00:00:00,False,2817
933,2014-03-01 00:00:00,False,18201
934,2014-04-11 00:00:00,False,20406
935,2014-07-13 00:00:00,True,14645
936,2014-08-31 00:00:00,False,23810
937,2014-12-29 00:00:00,False,17635
938,2014-12-30 00:00:00,False,18367
939,2015-01-02 00:00:00,False,2074
940,2015-04-04 00:00:00,True,20144
941,2015-09-13 00:00:00,True,18563
942,2016-01-09 00:00:00,True,19656
943,2016-02-23 00:00:00,True,12820
944,2013-10-04 00:00:00,False,1466
945,2014-07-04 00:00:00,True,12419
946,2014-09-10 00:00:00,False,15101
947,2014-09-14 00:00:00,False,23317
948,2014-10-31 00:00:00,True,16391
949,2014-12-08 00:00:00,True,11477
950,2015-07-03 00:00:00,False,2485
951,2015-08-15 00:00:00,False,3249
952,2016-05-14 00:00:00,True,21043
953,2014-05-31 00:00:00,True,15648
954,2014-08-21 00:00:00,False,17222
955,2014-12-14 00:00:00,True,21049
956,2015-01-14 00:00:00,True,12129
957,2015-01-16 00:00:00,False,2578
958,2015-01-29 00:00:00,False,1840
959,2015-04-16 00:00:00,False,2279
960,2015-11-05 00:00:00,False,1955
961,2014-04-13 00:00:00,False,23249
962,2014-08-05 00:00:00,False,15455
963,2014-08-28 00:00:00,False,17183
964,2015-03-31 00:00:00,False,2151
965,2015-10-10 00:00:00,True,18041
966,2015-10-17 00:00:00,True,21851
967,2015-10-20 00:00:00,False,1695
968,2016-03-06 00:00:00,True,18571
969,2016-03-11 00:00:00,False,2699
970,2016-04-23 00:00:00,True,20527
971,2014-04-18 00:00:00,False,21223
972,2014-06-04 00:00:00,True,11041
973,2015-01-13 00:00:00,True,11819
974,2015-06-19 00:00:00,True,14795
975,2015-11-15 00:00:00,True,19439
976,2016-01-06 00:00:00,True,11465
977,2016-03-02 00:00:00,True,13409
978,2016-03-24 00:00:00,False,2446
979,2016-04-17 00:00:00,False,457
980,2014-01-18 00:00:00,False,2
981,2014-08-04 00:00:00,True,9355
982,2014-12-24 00:00:00,True,10911
983,2015-02-22 00:00:00,True,17103
984,2015-03-24 00:00:00,False,2101
985,2015-03-28 00:00:00,True,23109
986,2015-08-06 00:00:00,False,1981
987,2015-09-16 00:00:00,True,11837
988,2015-09-18 00:00:00,True,14713
989,2016-03-15 00:00:00,True,11365
990,2016-06-01 00:00:00,False,1630
991,2014-02-04 00:00:00,False,40
992,2014-03-14 00:00:00,False,16256
993,2014-06-14 00:00:00,False,24815
994,2014-08-26 00:00:00,False,14892
995,2014-09-24 00:00:00,False,15405
996,2014-10-03 00:00:00,False,19630
997,2015-07-26 00:00:00,True,18004
998,2015-09-30 00:00:00,False,1829
999,2016-02-02 00:00:00,False,1783
1000,2014-01-30 00:00:00,False,15
1001,2014-03-19 00:00:00,False,13516
1002,2014-11-13 00:00:00,False,16830
1003,2016-04-09 00:00:00,False,3385
1004,2014-02-18 00:00:00,True,4514
1005,2014-05-03 00:00:00,False,27057
1006,2014-07-10 00:00:00,True,10416
1007,2015-01-04 00:00:00,False,2116
1008,2015-07-11 00:00:00,True,18634
1009,2015-11-20 00:00:00,False,597
1010,2015-11-21 00:00:00,True,22082
1011,2016-03-25 00:00:00,False,2847
1012,2014-05-02 00:00:00,False,20922
1013,2014-06-21 00:00:00,False,24916
1014,2014-06-27 00:00:00,True,12248
1015,2014-07-06 00:00:00,True,12381
1016,2014-09-03 00:00:00,True,9901
1017,2014-11-30 00:00:00,False,21210
1018,2015-05-20 00:00:00,False,1879
1019,2015-11-29 00:00:00,False,2463
1020,2016-05-26 00:00:00,True,11822
1021,2016-05-30 00:00:00,False,1859
1022,2016-06-06 00:00:00,False,1641
1023,2014-01-29 00:00:00,False,26
1024,2014-02-20 00:00:00,False,11137
1025,2014-04-01 00:00:00,True,6299
1026,2015-04-29 00:00:00,False,2072
1027,2015-06-15 00:00:00,False,1869
1028,2015-07-09 00:00:00,True,12772
1029,2015-08-25 00:00:00,True,11097
1030,2014-02-18 00:00:00,False,9592
1031,2014-08-21 00:00:00,True,11394
1032,2014-10-29 00:00:00,False,15378
1033,2014-12-15 00:00:00,True,10893
1034,2015-03-23 00:00:00,True,12189
1035,2015-03-26 00:00:00,True,13918
1036,2015-03-31 00:00:00,True,12450
1037,2015-09-09 00:00:00,False,1638
1038,2016-02-24 00:00:00,True,13205
1039,2016-03-20 00:00:00,True,19817
1040,2014-04-08 00:00:00,True,6345
1041,2014-05-11 00:00:00,False,25248
1042,2014-05-23 00:00:00,True,12655
1043,2014-10-31 00:00:00,False,21951
1044,2014-12-09 00:00:00,False,15811
1045,2015-02-15 00:00:00,False,3094
1046,2015-03-28 00:00:00,False,3637
1047,2015-07-04 00:00:00,True,15803
1048,2015-09-22 00:00:00,True,11326
1049,2015-12-08 00:00:00,True,11840
1050,2015-12-27 00:00:00,False,2174
1051,2016-03-27 00:00:00,True,18473
1052,2016-06-24 00:00:00,True,12858
1053,2014-07-13 00:00:00,False,22424
1054,2014-08-06 00:00:00,False,16162
1055,2014-10-13 00:00:00,True,11228
1056,2014-10-29 00:00:00,True,11832
1057,2014-11-09 00:00:00,True,18340
1058,2014-12-02 00:00:00,False,15043
1059,2015-04-11 00:00:00,True,21134
1060,2015-05-04 00:00:00,False,1916
1061,2015-12-18 00:00:00,True,7777
1062,2014-01-31 00:00:00,False,16
1063,2014-06-16 00:00:00,True,9102
1064,2014-07-20 00:00:00,True,13967
1065,2015-05-01 00:00:00,True,15932
1066,2015-05-30 00:00:00,False,3199
1067,2015-07-02 00:00:00,True,13195
1068,2015-07-31 00:00:00,False,2280
1069,2015-08-28 00:00:00,False,2269
1070,2015-09-02 00:00:00,True,12092
1071,2015-10-25 00:00:00,False,2546
1072,2015-10-31 00:00:00,False,3191
1073,2015-11-13 00:00:00,False,2383
1074,2015-12-20 00:00:00,False,2856
1075,2016-01-07 00:00:00,True,11964
1076,2016-05-12 00:00:00,False,2028
1077,2016-06-13 00:00:00,False,1735
1078,2014-02-08 00:00:00,True,35
1079,2014-04-23 00:00:00,False,17134
1080,2014-09-08 00:00:00,False,15382
1081,2014-10-07 00:00:00,True,9906
1082,2014-10-25 00:00:00,False,25638
1083,2014-11-18 00:00:00,False,15831
1084,2015-01-19 00:00:00,True,12336
1085,2015-06-19 00:00:00,False,2442
1086,2015-06-24 00:00:00,True,11988
1087,2015-08-10 00:00:00,True,10713
1088,2015-09-15 00:00:00,True,11762
1089,2015-11-26 00:00:00,False,2577
1090,2015-12-10 00:00:00,False,2176
1091,2014-03-19 00:00:00,True,6828
1092,2014-04-13 00:00:00,True,13060
1093,2014-08-01 00:00:00,True,12778
1094,2014-09-06 00:00:00,True,18863
1095,2014-10-22 00:00:00,True,12860
1096,2014-12-21 00:00:00,True,19096
1097,2015-03-25 00:00:00,False,2177
1098,2015-05-15 00:00:00,False,2459
1099,2014-11-20 00:00:00,True,13191
1100,2015-01-03 00:00:00,True,15987
1101,2015-08-04 00:00:00,True,10972
1102,2015-12-17 00:00:00,True,15169
1103,2016-03-25 00:00:00,True,16062
1104,2014-01-22 00:00:00,True,9
1105,2014-04-06 00:00:00,True,9684
1106,2014-09-26 00:00:00,True,13739
1107,2015-01-29 00:00:00,True,11429
1108,2015-04-15 00:00:00,True,12342
1109,2015-05-02 00:00:00,True,23239
1110,2015-06-04 00:00:00,False,2199
1111,2015-07-28 00:00:00,False,1900
1112,2015-08-30 00:00:00,False,1130
1113,2015-10-02 00:00:00,False,2034
1114,2016-02-28 00:00:00,False,2796
1115,2016-04-13 00:00:00,True,12109
1116,2016-06-10 00:00:00,False,2028
1117,2014-07-01 00:00:00,False,16631
1118,2014-07-26 00:00:00,True,16980
1119,2014-08-17 00:00:00,False,23013
1120,2014-12-18 00:00:00,True,14906
1121,2014-12-19 00:00:00,False,22328
1122,2015-08-04 00:00:00,False,1654
1123,2015-10-12 00:00:00,True,11808
1124,2016-02-25 00:00:00,False,2312
1125,2016-05-10 00:00:00,True,1947
1126,2014-03-20 00:00:00,False,13786
1127,2014-06-24 00:00:00,False,15129
1128,2014-06-25 00:00:00,False,16896
1129,2014-08-05 00:00:00,True,9856
1130,2014-11-13 00:00:00,True,13009
1131,2014-11-14 00:00:00,False,19545
1132,2015-09-03 00:00:00,False,2077
1133,2015-10-07 00:00:00,False,1778
1134,2016-01-19 00:00:00,False,1822
1135,2016-01-23 00:00:00,True,2644
1136,2016-02-10 00:00:00,True,12872
1137,2016-03-03 00:00:00,False,2500
1138,2016-04-08 00:00:00,True,15522
1139,2016-05-03 00:00:00,False,1848
1140,2016-06-14 00:00:00,True,9704
1141,2016-06-18 00:00:00,True,3606
1142,2016-06-20 00:00:00,True,9973
1143,2014-01-10 00:00:00,False,6
1144,2014-08-11 00:00:00,False,3697
1145,2014-08-12 00:00:00,False,15079
1146,2014-10-09 00:00:00,True,13000
1147,2015-02-07 00:00:00,False,2877
1148,2015-02-16 00:00:00,True,15374
1149,2015-07-25 00:00:00,True,20352
1150,2015-09-14 00:00:00,True,11539
1151,2015-10-01 00:00:00,False,1937
1152,2015-10-09 00:00:00,True,13646
1153,2014-01-26 00:00:00,True,12
1154,2014-06-22 00:00:00,False,22174
1155,2015-07-16 00:00:00,False,1947
1156,2015-07-20 00:00:00,True,11888
1157,2015-11-09 00:00:00,False,1651
1158,2016-06-17 00:00:00,True,13299
1159,2014-04-18 00:00:00,True,12595
1160,2014-07-01 00:00:00,True,9598
1161,2015-01-15 00:00:00,False,2083
1162,2015-07-14 00:00:00,False,1642
1163,2015-07-23 00:00:00,False,1984
1164,2015-10-30 00:00:00,True,16042
1165,2015-11-22 00:00:00,True,19748
1166,2016-02-05 00:00:00,False,2419
1167,2016-02-08 00:00:00,True,13284
1168,2016-03-28 00:00:00,True,11550
1169,2016-05-01 00:00:00,True,18366
1170,2016-05-03 00:00:00,True,11667
1171,2014-10-11 00:00:00,True,17894
1172,2014-10-21 00:00:00,True,10957
1173,2015-05-16 00:00:00,False,3029
1174,2014-04-04 00:00:00,True,8802
1175,2014-05-01 00:00:00,False,18079
1176,2014-05-13 00:00:00,True,9422
1177,2014-06-15 00:00:00,True,13874
1178,2014-07-30 00:00:00,False,15559
1179,2014-09-20 00:00:00,True,17567
1180,2015-04-25 00:00:00,False,3162
1181,2015-06-26 00:00:00,False,2353
1182,2015-07-20 00:00:00,False,1962
1183,2015-08-07 00:00:00,True,14237
1184,2016-01-10 00:00:00,False,2568
1185,2016-01-14 00:00:00,False,2051
1186,2014-02-09 00:00:00,False,35
1187,2014-06-25 00:00:00,True,10777
1188,2014-11-28 00:00:00,False,22981
1189,2014-12-27 00:00:00,True,11092
1190,2015-02-06 00:00:00,True,13376
1191,2015-03-09 00:00:00,False,1772
1192,2015-08-08 00:00:00,True,20175
1193,2015-08-19 00:00:00,False,1951
1194,2015-11-20 00:00:00,True,3722
1195,2016-01-26 00:00:00,False,1316
1196,2016-06-04 00:00:00,True,21179
1197,2014-03-07 00:00:00,False,16021
1198,2014-05-21 00:00:00,False,15684
1199,2014-08-24 00:00:00,True,14709
1200,2015-11-02 00:00:00,True,10549
1201,2016-02-17 00:00:00,False,2161
1202,2016-04-24 00:00:00,True,18887
1203,2014-06-09 00:00:00,False,15598
1204,2014-08-31 00:00:00,True,14811
1205,2015-01-10 00:00:00,False,2967
1206,2015-05-08 00:00:00,True,15315
1207,2015-12-25 00:00:00,True,9400
1208,2016-02-03 00:00:00,False,1943
1209,2014-07-25 00:00:00,True,12001
1210,2015-02-19 00:00:00,False,2735
1211,2015-03-29 00:00:00,True,19342
1212,2015-04-22 00:00:00,False,2124
1213,2015-05-19 00:00:00,False,1913
1214,2015-07-11 00:00:00,False,3092
1215,2015-09-25 00:00:00,False,2358
1216,2015-10-13 00:00:00,False,1607
1217,2015-10-21 00:00:00,True,3508
1218,2016-05-24 00:00:00,True,6515
1219,2014-02-06 00:00:00,True,31
1220,2014-04-04 00:00:00,False,15984
1221,2014-07-29 00:00:00,True,9220
1222,2014-12-29 00:00:00,True,9153
1223,2015-05-05 00:00:00,True,12279
1224,2015-09-26 00:00:00,True,20518
1225,2016-03-23 00:00:00,False,2145
1226,2016-04-26 00:00:00,True,13221
1227,2014-02-27 00:00:00,True,6756
1228,2014-03-23 00:00:00,False,17887
1229,2014-03-27 00:00:00,False,14415
1230,2014-07-22 00:00:00,True,9510
1231,2014-08-08 00:00:00,False,19367
1232,2014-09-04 00:00:00,True,11189
1233,2014-09-13 00:00:00,False,25848
1234,2014-09-28 00:00:00,False,23787
1235,2014-10-10 00:00:00,False,20358
1236,2014-11-28 00:00:00,True,12143
1237,2015-03-27 00:00:00,True,16460
1238,2015-05-04 00:00:00,True,11214
1239,2015-08-22 00:00:00,True,19514
1240,2016-02-13 00:00:00,False,3451
1241,2016-05-26 00:00:00,False,1977
1242,2016-05-29 00:00:00,True,16924
1243,2016-06-23 00:00:00,False,1967
1244,2014-08-09 00:00:00,False,25883
1245,2014-08-19 00:00:00,True,9528
1246,2015-03-13 00:00:00,True,14960
1247,2015-04-20 00:00:00,True,12212
1248,2015-07-13 00:00:00,False,458
1249,2015-08-22 00:00:00,False,3116
1250,2015-10-31 00:00:00,True,23031
1251,2016-01-23 00:00:00,False,427
1252,2014-02-10 00:00:00,True,52
1253,2014-04-19 00:00:00,True,15378
1254,2014-09-24 00:00:00,True,11078
1255,2014-10-12 00:00:00,True,8481
1256,2014-11-01 00:00:00,True,24865
1257,2014-11-17 00:00:00,True,10412
1258,2015-02-11 00:00:00,True,11241
1259,2015-02-18 00:00:00,True,12236
1260,2015-09-04 00:00:00,True,15090
1261,2015-10-22 00:00:00,False,1852
1262,2016-03-09 00:00:00,False,257
1263,2014-02-14 00:00:00,True,47
1264,2014-06-15 00:00:00,False,24695
1265,2014-07-03 00:00:00,False,17241
1266,2014-09-07 00:00:00,False,22271
1267,2014-09-12 00:00:00,False,18245
1268,2014-11-18 00:00:00,True,11637
1269,2015-05-21 00:00:00,True,14317
1270,2015-11-13 00:00:00,True,15894
1271,2016-03-07 00:00:00,True,11202
1272,2014-02-07 00:00:00,False,48
1273,2014-07-11 00:00:00,True,12431
1274,2014-09-09 00:00:00,True,9313
1275,2014-10-19 00:00:00,False,24555
1276,2015-02-18 00:00:00,False,2090
1277,2015-03-07 00:00:00,False,3071
1278,2015-06-05 00:00:00,False,2506
1279,2015-12-31 00:00:00,True,17148
1280,2014-01-21 00:00:00,False,8
1281,2014-06-30 00:00:00,True,9283
1282,2014-11-06 00:00:00,False,16161
1283,2014-11-23 00:00:00,True,18668
1284,2015-03-09 00:00:00,True,9772
1285,2015-06-10 00:00:00,False,1999
1286,2015-07-05 00:00:00,True,16543
1287,2016-01-19 00:00:00,True,11829
1288,2016-03-21 00:00:00,True,12204
1289,2016-04-12 00:00:00,True,11615
1290,2016-06-02 00:00:00,False,1819
1291,2014-02-15 00:00:00,True,7039
1292,2014-03-15 00:00:00,False,20110
1293,2014-06-26 00:00:00,False,17340
1294,2014-08-02 00:00:00,True,17913
1295,2014-10-16 00:00:00,True,13578
1296,2014-10-26 00:00:00,True,17305
1297,2015-02-24 00:00:00,False,1982
1298,2015-09-18 00:00:00,False,2275
1299,2016-02-27 00:00:00,True,21119
1300,2016-03-07 00:00:00,False,2077
1301,2014-02-21 00:00:00,False,13057
1302,2014-03-23 00:00:00,True,9775
1303,2015-03-10 00:00:00,False,1973
1304,2015-03-19 00:00:00,True,13520
1305,2015-07-01 00:00:00,True,708
1306,2016-05-02 00:00:00,False,1853
1307,2014-03-24 00:00:00,True,6783
1308,2014-07-05 00:00:00,False,24101
1309,2014-07-25 00:00:00,False,17759
1310,2014-12-31 00:00:00,True,16493
1311,2015-01-07 00:00:00,True,12527
1312,2015-11-26 00:00:00,True,14823
1313,2015-12-04 00:00:00,False,2455
1314,2016-03-05 00:00:00,False,3493
1315,2016-05-04 00:00:00,True,11750
1316,2016-05-16 00:00:00,True,11158
1317,2014-02-02 00:00:00,True,22
1318,2014-05-25 00:00:00,False,23378
1319,2014-11-14 00:00:00,True,14863
1320,2014-11-30 00:00:00,True,14958
1321,2015-03-04 00:00:00,False,1969
1322,2015-03-07 00:00:00,True,19338
1323,2015-05-30 00:00:00,True,21755
1324,2015-08-01 00:00:00,False,3183
1325,2015-08-14 00:00:00,False,2420
1326,2016-06-05 00:00:00,True,18463
1327,2014-08-03 00:00:00,True,15367
1328,2014-10-08 00:00:00,True,11139
1329,2015-03-29 00:00:00,False,3090
1330,2015-05-24 00:00:00,True,18355
1331,2015-08-23 00:00:00,False,2282
1332,2015-10-15 00:00:00,False,1893
1333,2015-10-20 00:00:00,True,11273
1334,2016-01-17 00:00:00,True,18812
1335,2014-01-25 00:00:00,True,7
1336,2014-03-28 00:00:00,True,8986
1337,2014-05-08 00:00:00,False,17480
1338,2014-10-28 00:00:00,False,14514
1339,2015-02-02 00:00:00,True,7682
1340,2015-05-23 00:00:00,True,19071
1341,2015-06-22 00:00:00,False,1850
1342,2015-06-23 00:00:00,False,1832
1343,2015-08-02 00:00:00,False,2744
1344,2015-08-13 00:00:00,False,2069
1345,2015-08-29 00:00:00,False,651
1346,2013-10-06 00:00:00,True,1
1347,2014-05-07 00:00:00,False,16014
1348,2014-08-30 00:00:00,False,26060
1349,2014-10-23 00:00:00,True,12820
1350,2015-02-11 00:00:00,False,1921
1351,2015-08-11 00:00:00,False,1737
1352,2015-09-04 00:00:00,False,2358
1353,2016-02-16 00:00:00,False,2020
1354,2016-02-22 00:00:00,False,2048
1355,2016-03-04 00:00:00,True,16157
1356,2016-04-18 00:00:00,False,2022
1357,2016-06-30 00:00:00,False,1874
1358,2014-04-29 00:00:00,True,10003
1359,2014-10-15 00:00:00,False,16487
1360,2014-12-13 00:00:00,False,26732
1361,2015-04-17 00:00:00,True,15763
1362,2015-05-07 00:00:00,False,2081
1363,2015-05-25 00:00:00,False,2247
1364,2016-01-03 00:00:00,False,2356
1365,2016-01-08 00:00:00,True,14223
1366,2016-04-25 00:00:00,False,1925
1367,2014-02-07 00:00:00,True,40
1368,2014-02-26 00:00:00,True,6234
1369,2014-04-09 00:00:00,True,7372
1370,2014-09-01 00:00:00,False,17388
1371,2014-12-05 00:00:00,True,15863
1372,2014-12-07 00:00:00,True,20085
1373,2014-12-11 00:00:00,False,18506
1374,2015-09-26 00:00:00,False,2815
1375,2015-12-03 00:00:00,False,2109
1376,2016-04-30 00:00:00,True,20341
1377,2014-06-16 00:00:00,False,16126
1378,2014-06-17 00:00:00,False,15602
1379,2014-11-19 00:00:00,True,12277
1380,2014-12-26 00:00:00,False,19177
1381,2015-12-21 00:00:00,False,1934
1382,2014-06-11 00:00:00,False,15941
1383,2014-11-15 00:00:00,True,20574
1384,2015-06-03 00:00:00,False,1914
1385,2015-10-27 00:00:00,False,1684
1386,2015-11-22 00:00:00,False,2600
1387,2016-02-07 00:00:00,True,21283
1388,2016-03-06 00:00:00,False,3001
1389,2016-06-22 00:00:00,True,10499
1390,2016-06-07 00:00:00,False,1655
1391,2014-05-02 00:00:00,True,11879
1392,2014-08-25 00:00:00,True,9558
1393,2015-02-27 00:00:00,True,14615
1394,2015-08-18 00:00:00,True,11414
1395,2016-05-16 00:00:00,False,1824
1396,2016-06-03 00:00:00,True,13325
1397,2014-01-27 00:00:00,True,12
1398,2014-06-13 00:00:00,False,18980
1399,2014-08-12 00:00:00,True,9872
1400,2014-09-25 00:00:00,True,13138
1401,2014-10-11 00:00:00,False,25464
1402,2014-10-14 00:00:00,False,14839
1403,2015-02-05 00:00:00,True,12491
1404,2015-02-20 00:00:00,False,2920
1405,2015-03-08 00:00:00,True,16119
1406,2016-02-05 00:00:00,True,16064
1407,2016-02-09 00:00:00,True,11824
1408,2014-01-28 00:00:00,True,12
1409,2014-04-22 00:00:00,False,15455
1410,2014-07-09 00:00:00,False,15757
1411,2014-09-29 00:00:00,True,9911
1412,2015-02-08 00:00:00,True,18354
1413,2015-10-15 00:00:00,True,13179
1414,2014-03-22 00:00:00,False,19468
1415,2015-04-23 00:00:00,True,14445
1416,2015-11-10 00:00:00,False,1771
1417,2015-11-29 00:00:00,True,15939
1418,2015-12-29 00:00:00,True,10731
1419,2016-05-24 00:00:00,False,1069
1420,2016-06-02 00:00:00,True,11066
1421,2015-06-25 00:00:00,False,2153
1422,2015-09-01 00:00:00,False,1726
1423,2015-11-04 00:00:00,True,11299
1424,2016-03-14 00:00:00,False,2215
1425,2016-03-30 00:00:00,False,530
1426,2016-06-29 00:00:00,False,1728
1427,2014-04-25 00:00:00,False,20224
1428,2014-10-19 00:00:00,True,18238
1429,2014-11-20 00:00:00,False,16980
1430,2014-11-22 00:00:00,True,22257
1431,2015-02-13 00:00:00,True,15182
1432,2015-05-21 00:00:00,False,2223
1433,2015-10-22 00:00:00,True,12802
1434,2015-10-28 00:00:00,False,1933
1435,2015-12-19 00:00:00,True,23013
1436,2016-01-22 00:00:00,True,15360
1437,2016-03-12 00:00:00,True,21519
1438,2016-03-15 00:00:00,False,2060
1439,2015-01-27 00:00:00,True,4932
1440,2015-05-13 00:00:00,True,13661
1441,2015-05-27 00:00:00,False,1824
1442,2015-08-01 00:00:00,True,20156
1443,2015-09-24 00:00:00,False,1808
1444,2015-01-25 00:00:00,False,2478
1445,2015-02-23 00:00:00,True,12074
1446,2015-07-27 00:00:00,False,1734
1447,2016-03-31 00:00:00,False,2302
1448,2016-04-09 00:00:00,True,22875
1449,2016-06-11 00:00:00,True,18217
1450,2014-03-21 00:00:00,False,15705
1451,2014-04-24 00:00:00,False,16989
1452,2014-12-27 00:00:00,False,23761
1453,2015-05-23 00:00:00,False,3031
1454,2015-11-23 00:00:00,True,11793
1455,2016-01-11 00:00:00,True,11699
1456,2016-04-19 00:00:00,True,11110
1457,2014-05-04 00:00:00,False,23750
1458,2014-05-20 00:00:00,False,14764
1459,2014-05-25 00:00:00,True,13330
1460,2015-05-02 00:00:00,False,3349
1461,2015-07-08 00:00:00,False,1875
1462,2015-09-08 00:00:00,True,10703
1463,2015-09-17 00:00:00,False,2028
1464,2015-10-13 00:00:00,True,11316
1465,2015-11-30 00:00:00,False,1745
1466,2016-03-20 00:00:00,False,3003
1467,2016-03-21 00:00:00,False,2153
1468,2016-05-23 00:00:00,False,1678
1469,2016-06-21 00:00:00,False,1595
1470,2014-05-06 00:00:00,False,15773
1471,2014-05-30 00:00:00,False,19466
1472,2014-08-13 00:00:00,True,11066
1473,2014-12-23 00:00:00,False,17071
1474,2015-06-20 00:00:00,False,2823
1475,2015-07-05 00:00:00,False,2687
1476,2015-07-30 00:00:00,False,1994
1477,2015-08-11 00:00:00,True,11682
1478,2015-09-22 00:00:00,False,1675
1479,2016-02-19 00:00:00,False,2655
1480,2016-04-05 00:00:00,False,2110
1481,2014-01-31 00:00:00,True,12
1482,2014-08-20 00:00:00,True,10402
1483,2015-03-30 00:00:00,False,2025
1484,2015-10-05 00:00:00,True,11299
1485,2015-11-09 00:00:00,True,11330
1486,2016-03-02 00:00:00,False,2345
1487,2014-04-17 00:00:00,False,18683
1488,2014-05-29 00:00:00,True,10674
1489,2014-06-06 00:00:00,True,11719
1490,2014-07-03 00:00:00,True,10634
1491,2014-09-17 00:00:00,False,15056
1492,2014-11-04 00:00:00,False,15022
1493,2015-02-12 00:00:00,False,2393
1494,2015-11-30 00:00:00,True,11271
1495,2016-02-21 00:00:00,False,2802
1496,2016-04-01 00:00:00,True,14844
1497,2014-02-12 00:00:00,True,26
1498,2014-07-23 00:00:00,False,16092
1499,2015-03-19 00:00:00,False,2491
1500,2015-04-06 00:00:00,True,11674
1501,2015-04-10 00:00:00,True,16874
1502,2015-04-18 00:00:00,True,21645
1503,2014-02-02 00:00:00,False,27
1504,2014-02-05 00:00:00,False,48
1505,2014-03-30 00:00:00,True,9638
1506,2014-11-16 00:00:00,False,23677
1507,2015-04-25 00:00:00,True,21822
1508,2015-06-04 00:00:00,True,13931
1509,2015-07-23 00:00:00,True,13275
1510,2015-12-01 00:00:00,True,11277
1511,2015-12-09 00:00:00,False,669
1512,2016-02-04 00:00:00,False,2117
1513,2014-05-12 00:00:00,True,8976
1514,2014-06-30 00:00:00,False,15822
1515,2015-02-22 00:00:00,False,2387
1516,2015-03-02 00:00:00,False,1821
1517,2015-10-02 00:00:00,True,13004
1518,2016-04-06 00:00:00,False,2106
1519,2016-04-23 00:00:00,False,3101
1520,2014-06-02 00:00:00,True,8668
1521,2015-04-03 00:00:00,False,2938
1522,2015-05-12 00:00:00,False,1904
1523,2015-05-14 00:00:00,False,2217
1524,2016-03-13 00:00:00,False,2653
1525,2016-04-05 00:00:00,True,12345
1526,2014-06-12 00:00:00,False,17571
1527,2014-11-04 00:00:00,True,10632
1528,2015-01-04 00:00:00,True,13447
1529,2015-01-09 00:00:00,True,13349
1530,2015-03-12 00:00:00,False,2443
1531,2015-05-10 00:00:00,True,18393
1532,2016-05-20 00:00:00,True,13569
1533,2016-06-25 00:00:00,True,18957
1534,2014-03-04 00:00:00,True,5726
1535,2014-03-25 00:00:00,True,6927
1536,2015-05-26 00:00:00,True,11352
1537,2016-04-28 00:00:00,True,14178
1538,2016-06-09 00:00:00,True,11628
1539,2014-02-22 00:00:00,True,8545
1540,2014-06-10 00:00:00,True,9313
1541,2014-06-14 00:00:00,True,15835
1542,2014-07-28 00:00:00,False,13898
1543,2014-09-20 00:00:00,False,24349
1544,2014-11-08 00:00:00,True,19742
1545,2015-01-06 00:00:00,False,1562
1546,2015-05-06 00:00:00,True,13651
1547,2015-06-11 00:00:00,False,2159
1548,2015-09-17 00:00:00,True,12634
1549,2014-02-09 00:00:00,True,27
1550,2014-04-01 00:00:00,False,12566
1551,2014-11-24 00:00:00,False,14641
1552,2015-01-05 00:00:00,True,10374
1553,2015-06-28 00:00:00,False,2103
1554,2015-08-27 00:00:00,False,2040
1555,2016-01-12 00:00:00,False,1814
1556,2016-05-31 00:00:00,True,9941
1557,2014-02-14 00:00:00,False,69
1558,2014-05-14 00:00:00,False,16433
1559,2014-05-18 00:00:00,True,14718
1560,2014-08-23 00:00:00,True,16205
1561,2014-09-04 00:00:00,False,16411
1562,2015-03-03 00:00:00,True,2250
1563,2015-03-16 00:00:00,True,10936
1564,2015-04-06 00:00:00,False,2061
1565,2015-04-13 00:00:00,True,11258
1566,2015-09-05 00:00:00,False,2824
1567,2016-01-15 00:00:00,True,14596
1568,2014-03-08 00:00:00,False,18967
1569,2014-07-19 00:00:00,False,23680
1570,2014-11-23 00:00:00,False,23367
1571,2015-04-17 00:00:00,False,2623
1572,2015-06-06 00:00:00,False,3006
1573,2015-09-13 00:00:00,False,2629
1574,2015-12-14 00:00:00,True,12629
1575,2016-02-07 00:00:00,False,2787
1576,2016-02-20 00:00:00,False,3248
1577,2016-06-16 00:00:00,False,1387
1578,2014-05-23 00:00:00,False,20312
1579,2014-12-15 00:00:00,False,15502
1580,2015-03-15 00:00:00,True,19249
1581,2015-04-20 00:00:00,False,1931
1582,2015-10-21 00:00:00,False,583
1583,2016-01-02 00:00:00,False,2365
1584,2016-06-16 00:00:00,True,8007
1585,2014-03-16 00:00:00,True,9152
1586,2014-06-10 00:00:00,False,15068
1587,2014-11-03 00:00:00,True,10026
1588,2014-12-21 00:00:00,False,25634
1589,2015-02-28 00:00:00,False,3414
1590,2015-06-16 00:00:00,True,11591
1591,2015-09-12 00:00:00,False,2978
1592,2016-01-17 00:00:00,False,2657
1593,2016-02-16 00:00:00,True,12489
1594,2016-04-17 00:00:00,True,3305
1595,2014-02-15 00:00:00,False,15305
1596,2014-07-17 00:00:00,False,15983
1597,2014-10-02 00:00:00,False,16858
1598,2015-03-23 00:00:00,False,2180
1599,2015-05-29 00:00:00,False,2368
1600,2015-08-21 00:00:00,True,15375
1601,2015-09-20 00:00:00,True,18591
1602,2015-10-27 00:00:00,True,11677
1603,2014-01-24 00:00:00,True,8
1604,2014-03-05 00:00:00,False,13226
1605,2014-04-28 00:00:00,False,15682
1606,2014-05-17 00:00:00,True,16022
1607,2014-08-14 00:00:00,True,10893
1608,2014-10-16 00:00:00,False,17490
1609,2015-03-10 00:00:00,True,10693
1610,2015-04-28 00:00:00,False,1909
1611,2015-09-24 00:00:00,True,12726
1612,2016-02-06 00:00:00,False,2979
1613,2016-02-26 00:00:00,False,2630
1614,2016-05-05 00:00:00,True,13386
1615,2016-02-11 00:00:00,False,2559
1616,2014-04-07 00:00:00,True,6797
1617,2014-05-24 00:00:00,False,24338
1618,2014-06-12 00:00:00,True,11899
1619,2014-06-23 00:00:00,True,9140
1620,2014-07-11 00:00:00,False,18193
1621,2014-09-05 00:00:00,True,12743
1622,2015-01-24 00:00:00,False,2497
1623,2015-03-03 00:00:00,False,405
1624,2015-03-30 00:00:00,True,11200
1625,2015-04-09 00:00:00,True,15185
1626,2015-05-06 00:00:00,False,2159
1627,2016-03-28 00:00:00,False,2047
1628,2014-01-24 00:00:00,False,13
1629,2014-02-08 00:00:00,False,32
1630,2014-03-30 00:00:00,False,16216
1631,2014-05-16 00:00:00,True,12601
1632,2014-12-03 00:00:00,True,1223
1633,2015-07-22 00:00:00,False,1919
1634,2015-10-30 00:00:00,False,2469
1635,2016-01-31 00:00:00,False,2512
1636,2016-04-26 00:00:00,False,2128
1637,2016-05-05 00:00:00,False,2202
1638,2016-06-15 00:00:00,False,1758
1639,2014-03-01 00:00:00,True,8467
1640,2014-03-31 00:00:00,True,6308
1641,2014-05-08 00:00:00,True,11182
1642,2014-05-27 00:00:00,False,14558
1643,2014-09-21 00:00:00,True,15680
1644,2014-12-23 00:00:00,True,10664
1645,2015-06-10 00:00:00,True,12483
1646,2015-08-24 00:00:00,False,1807
1647,2015-09-27 00:00:00,False,2490
1648,2016-03-23 00:00:00,True,12378
1649,2014-03-20 00:00:00,True,7303
1650,2014-04-27 00:00:00,True,14531
1651,2014-05-22 00:00:00,False,16958
1652,2014-05-27 00:00:00,True,8704
1653,2014-11-24 00:00:00,True,10474
1654,2015-02-01 00:00:00,False,2799
1655,2015-02-24 00:00:00,True,10973
1656,2015-03-18 00:00:00,False,2495
1657,2015-11-17 00:00:00,False,1793
1658,2016-01-30 00:00:00,True,19940
1659,2014-04-29 00:00:00,False,15791
1660,2014-05-05 00:00:00,True,9138
1661,2014-07-02 00:00:00,False,16110
1662,2015-09-15 00:00:00,False,1820
1663,2015-10-04 00:00:00,False,2371
1664,2015-11-12 00:00:00,True,13409
1665,2016-04-11 00:00:00,True,11757
1666,2016-04-28 00:00:00,False,2269
1667,2016-06-01 00:00:00,True,9449
1668,2014-04-06 00:00:00,False,18249
1669,2014-07-30 00:00:00,True,10526
1670,2014-10-07 00:00:00,False,15083
1671,2015-03-20 00:00:00,False,2715
1672,2016-02-24 00:00:00,False,2231
1673,2014-04-15 00:00:00,True,10242
1674,2014-09-21 00:00:00,False,21987
1675,2014-11-22 00:00:00,False,26789
1676,2015-01-08 00:00:00,False,2076
1677,2015-06-02 00:00:00,True,11750
1678,2015-08-07 00:00:00,False,2345
1679,2015-11-06 00:00:00,False,2305
1680,2015-11-24 00:00:00,True,11452
1681,2015-12-02 00:00:00,True,12261
1682,2016-03-04 00:00:00,False,2750
1683,2016-04-07 00:00:00,True,13462
1684,2016-04-16 00:00:00,True,19902
1685,2014-03-28 00:00:00,False,15835
1686,2014-04-03 00:00:00,True,7461
1687,2015-03-26 00:00:00,False,2399
1688,2015-12-19 00:00:00,False,3256
1689,2016-04-20 00:00:00,True,11923
1690,2014-05-10 00:00:00,False,24844
1691,2014-10-20 00:00:00,True,10310
1692,2015-01-13 00:00:00,False,1930
1693,2015-04-02 00:00:00,False,2285
1694,2014-06-22 00:00:00,True,15345
1695,2014-07-07 00:00:00,True,8663
1696,2014-08-16 00:00:00,True,17356
1697,2014-12-24 00:00:00,False,24495
1698,2015-01-31 00:00:00,True,20315
1699,2015-03-17 00:00:00,False,2348
1700,2015-05-17 00:00:00,True,19889
1701,2016-06-06 00:00:00,True,10246
1702,2014-04-12 00:00:00,True,15540
1703,2015-02-09 00:00:00,True,10612
1704,2015-05-24 00:00:00,False,2751
1705,2015-07-30 00:00:00,True,12661
1706,2016-01-09 00:00:00,False,2773
1707,2014-05-12 00:00:00,False,15802
1708,2014-05-28 00:00:00,False,15433
1709,2014-10-18 00:00:00,False,25429
1710,2015-03-15 00:00:00,False,2952
1711,2015-03-24 00:00:00,True,11936
1712,2015-07-10 00:00:00,False,2319
1713,2015-07-26 00:00:00,False,2721
1714,2015-07-29 00:00:00,False,2012
1715,2016-04-22 00:00:00,True,14522
1716,2014-03-02 00:00:00,True,8145
1717,2014-07-18 00:00:00,True,12499
1718,2014-08-10 00:00:00,False,22881
1719,2014-12-02 00:00:00,True,10994
1720,2015-01-11 00:00:00,True,18108
1721,2015-03-21 00:00:00,True,20925
1722,2015-04-21 00:00:00,True,11513
1723,2015-07-13 00:00:00,True,2422
1724,2015-09-19 00:00:00,True,21525
1725,2014-04-26 00:00:00,False,26145
1726,2014-05-16 00:00:00,False,19174
1727,2014-06-08 00:00:00,False,23904
1728,2015-02-19 00:00:00,True,15433
1729,2015-02-23 00:00:00,False,2146
1730,2015-02-25 00:00:00,False,2086
1731,2015-06-22 00:00:00,True,10982
1732,2015-06-26 00:00:00,True,14814
1733,2015-12-22 00:00:00,False,1881
1734,2016-03-03 00:00:00,True,14491
1735,2016-03-12 00:00:00,False,3263
1736,2016-03-17 00:00:00,True,13998
1737,2014-01-27 00:00:00,False,9
1738,2014-03-03 00:00:00,True,6102
1739,2014-05-29 00:00:00,False,16293
1740,2016-02-17 00:00:00,True,13049
1741,2016-04-18 00:00:00,True,11500
1742,2014-03-05 00:00:00,True,6291
1743,2015-01-17 00:00:00,False,3005
1744,2015-03-22 00:00:00,False,3128
1745,2015-08-08 00:00:00,False,3078
1746,2015-10-29 00:00:00,False,1862
1747,2016-04-12 00:00:00,False,1955
1748,2016-05-28 00:00:00,True,17867
1749,2014-04-30 00:00:00,False,17288
1750,2014-06-29 00:00:00,False,22266
1751,2014-08-06 00:00:00,True,10534
1752,2014-08-15 00:00:00,True,13318
1753,2015-04-18 00:00:00,False,3334
1754,2015-06-17 00:00:00,True,705
1755,2015-06-28 00:00:00,True,15677
1756,2015-09-10 00:00:00,False,1841
1757,2015-09-20 00:00:00,False,2420
1758,2015-11-04 00:00:00,False,1677
1759,2015-12-11 00:00:00,True,16272
1760,2016-01-10 00:00:00,True,18793
1761,2016-06-17 00:00:00,False,2173
1762,2016-06-11 00:00:00,False,2693
1763,2014-02-03 00:00:00,True,21
1764,2014-08-02 00:00:00,False,25564
1765,2014-10-02 00:00:00,True,11654
1766,2015-01-20 00:00:00,True,11282
1767,2015-01-31 00:00:00,False,2962
1768,2015-11-03 00:00:00,False,1670
1769,2016-01-24 00:00:00,False,693
1770,2016-05-07 00:00:00,True,21514
1771,2016-06-19 00:00:00,True,17232
1772,2014-01-21 00:00:00,True,8
1773,2014-05-31 00:00:00,False,24557
1774,2014-10-24 00:00:00,True,14573
1775,2015-01-18 00:00:00,False,2590
1776,2015-03-21 00:00:00,False,3323
1777,2015-04-10 00:00:00,False,2769
1778,2015-05-28 00:00:00,True,13435
1779,2015-11-01 00:00:00,False,2747
1780,2014-03-09 00:00:00,True,7734
1781,2014-03-10 00:00:00,False,12142
1782,2014-08-27 00:00:00,True,10967
1783,2015-03-08 00:00:00,False,2550
1784,2015-04-23 00:00:00,False,2244
1785,2015-06-08 00:00:00,False,1864
1786,2015-10-26 00:00:00,True,11281
1787,2015-12-30 00:00:00,True,11284
1788,2014-07-28 00:00:00,True,7882
1789,2015-02-28 00:00:00,True,20263
1790,2015-05-18 00:00:00,True,12503
1791,2015-11-07 00:00:00,True,21055
1792,2016-01-24 00:00:00,True,5200
1793,2016-01-28 00:00:00,False,1804
1794,2016-03-08 00:00:00,True,2355
